{
  "Arriba": {
    "precision": 0.2849604221635884,
    "recall": 0.34838709677419355,
    "f1-score": 0.3134978229317852,
    "support": 310.0
  },
  "Abajo": {
    "precision": 0.2440944881889764,
    "recall": 0.20327868852459016,
    "f1-score": 0.22182468694096602,
    "support": 305.0
  },
  "Izquierda": {
    "precision": 0.3111111111111111,
    "recall": 0.2413793103448276,
    "f1-score": 0.27184466019417475,
    "support": 290.0
  },
  "Derecha": {
    "precision": 0.27735368956743,
    "recall": 0.36333333333333334,
    "f1-score": 0.31457431457431456,
    "support": 300.0
  },
  "Adelante": {
    "precision": 0.26112759643916916,
    "recall": 0.30344827586206896,
    "f1-score": 0.2807017543859649,
    "support": 290.0
  },
  "Atras": {
    "precision": 0.2639593908629442,
    "recall": 0.1793103448275862,
    "f1-score": 0.2135523613963039,
    "support": 290.0
  },
  "accuracy": 0.2739495798319328,
  "macro avg": {
    "precision": 0.2737677830555365,
    "recall": 0.2731895082777666,
    "f1-score": 0.2693326000705849,
    "support": 1785.0
  },
  "weighted avg": {
    "precision": 0.2736639244696999,
    "recall": 0.2739495798319328,
    "f1-score": 0.2696816773284656,
    "support": 1785.0
  }
}