{
  "A": {
    "precision": 0.3044776119402985,
    "recall": 0.2914285714285714,
    "f1-score": 0.29781021897810217,
    "support": 350.0
  },
  "E": {
    "precision": 0.26540284360189575,
    "recall": 0.17777777777777778,
    "f1-score": 0.21292775665399238,
    "support": 315.0
  },
  "I": {
    "precision": 0.28537735849056606,
    "recall": 0.3611940298507463,
    "f1-score": 0.3188405797101449,
    "support": 335.0
  },
  "O": {
    "precision": 0.37969924812030076,
    "recall": 0.30606060606060603,
    "f1-score": 0.3389261744966443,
    "support": 330.0
  },
  "U": {
    "precision": 0.3054892601431981,
    "recall": 0.39384615384615385,
    "f1-score": 0.34408602150537637,
    "support": 325.0
  },
  "accuracy": 0.30694864048338366,
  "macro avg": {
    "precision": 0.30808926445925183,
    "recall": 0.3060614277927711,
    "f1-score": 0.302518150268852,
    "support": 1655.0
  },
  "weighted avg": {
    "precision": 0.3083717440690513,
    "recall": 0.30694864048338366,
    "f1-score": 0.3031969841476628,
    "support": 1655.0
  }
}