{
  "seed": 48,
  "timestamp": "2025-09-29T13:23:53.320489Z",
  "acc_test": 0.14,
  "report": {
    "0": {
      "precision": 0.0,
      "recall": 0.0,
      "f1-score": 0.0,
      "support": 11.0
    },
    "1": {
      "precision": 0.0,
      "recall": 0.0,
      "f1-score": 0.0,
      "support": 9.0
    },
    "2": {
      "precision": 0.19230769230769232,
      "recall": 0.5,
      "f1-score": 0.2777777777777778,
      "support": 10.0
    },
    "3": {
      "precision": 0.09090909090909091,
      "recall": 0.1,
      "f1-score": 0.09523809523809523,
      "support": 10.0
    },
    "4": {
      "precision": 0.09090909090909091,
      "recall": 0.1,
      "f1-score": 0.09523809523809523,
      "support": 10.0
    },
    "accuracy": 0.14,
    "macro avg": {
      "precision": 0.07482517482517484,
      "recall": 0.13999999999999999,
      "f1-score": 0.09365079365079365,
      "support": 50.0
    },
    "weighted avg": {
      "precision": 0.07482517482517484,
      "recall": 0.14,
      "f1-score": 0.09365079365079365,
      "support": 50.0
    }
  }
}