{
  "scaler": {
    "means": [
      0.4082854390144348,
      15.995813369750977,
      689.74658203125,
      20.529577255249023,
      -0.012055028229951859,
      3.6742022037506104
    ],
    "stds": [
      7.062230110168457,
      12.609621047973633,
      1402.9437255859375,
      16.379348754882812,
      0.5507411956787109,
      1.8737505674362183
    ]
  },
  "n_train": 231,
  "n_val": 50,
  "n_test": 50
}