{
  "vocales": {
    "n_folds": 24,
    "precision_mean": 0.3663228899909239,
    "precision_std": 0.014456433277808965,
    "recall_mean": 0.3584487283549784,
    "recall_std": 0.012316237912302856,
    "f1_mean": 0.35351134176696936,
    "f1_std": 0.013942148316180058
  },
  "comandos": {
    "n_folds": 24,
    "precision_mean": 0.30484877426741563,
    "precision_std": 0.010984593049011254,
    "recall_mean": 0.30353431328988095,
    "recall_std": 0.012462369326873049,
    "f1_mean": 0.2952726213785237,
    "f1_std": 0.014207169562071654
  }
}