{
  "Arriba": {
    "precision": 0.26785714285714285,
    "recall": 0.3870967741935484,
    "f1-score": 0.316622691292876,
    "support": 310.0
  },
  "Abajo": {
    "precision": 0.21774193548387097,
    "recall": 0.17704918032786884,
    "f1-score": 0.19529837251356238,
    "support": 305.0
  },
  "Izquierda": {
    "precision": 0.26174496644295303,
    "recall": 0.13448275862068965,
    "f1-score": 0.1776765375854214,
    "support": 290.0
  },
  "Derecha": {
    "precision": 0.25907990314769974,
    "recall": 0.3566666666666667,
    "f1-score": 0.30014025245441794,
    "support": 300.0
  },
  "Adelante": {
    "precision": 0.2604166666666667,
    "recall": 0.25862068965517243,
    "f1-score": 0.25951557093425603,
    "support": 290.0
  },
  "Atras": {
    "precision": 0.2594142259414226,
    "recall": 0.21379310344827587,
    "f1-score": 0.23440453686200377,
    "support": 290.0
  },
  "accuracy": 0.2560224089635854,
  "macro avg": {
    "precision": 0.25437580675662597,
    "recall": 0.2546181954853703,
    "f1-score": 0.24727632694042292,
    "support": 1785.0
  },
  "weighted avg": {
    "precision": 0.25424536396493397,
    "recall": 0.2560224089635854,
    "f1-score": 0.24791268392965882,
    "support": 1785.0
  }
}