{
  "train_losses": [
    1.7993124053772702,
    1.793668700404376,
    1.7913776004456903,
    1.791926269037315,
    1.7896678604452734,
    1.789171835815764,
    1.7878713370319381,
    1.7876379038708143,
    1.7857494306754307,
    1.7858883555666858,
    1.7854747871953653,
    1.7850406378863817,
    1.7840354694313263,
    1.783955501370221,
    1.7832245351783782,
    1.7824685868039074,
    1.7815424579073234,
    1.7809237161005635,
    1.78003997061832,
    1.7801535253030845,
    1.778835647134667,
    1.777580478751802,
    1.7776248046601435,
    1.7789019208505334,
    1.7766663909433373,
    1.774830196958139,
    1.7752693787039038,
    1.7733460726491008,
    1.774665431197421,
    1.7726935418953458,
    1.7722302656249695,
    1.7699132369334005,
    1.7718343065079465,
    1.772472021589241,
    1.7717150615980901,
    1.7692190218731703,
    1.7707953747525158,
    1.7715440960044404,
    1.76825708269598,
    1.7691501079802494,
    1.766503853626935,
    1.766938333492355,
    1.768479614618765,
    1.7664181872668019,
    1.7663331753704177,
    1.767608426481604,
    1.7663595681171493,
    1.762890806236115,
    1.7682472533913722,
    1.7666193693282595,
    1.7674691073922997,
    1.762033478672286,
    1.7624036301654649,
    1.7622923290587043,
    1.7661204832008635,
    1.7650050760740303,
    1.7626126192480445,
    1.7620213349976863,
    1.7619815148205396,
    1.7631195726622624,
    1.7604181913740606,
    1.763606632848185,
    1.7622905508930464,
    1.7620330431546822,
    1.7603855869209624,
    1.7612113339967461,
    1.7617963362500013,
    1.7644738053895563
  ],
  "val_losses": [
    1.7930932440122325,
    1.7926288919245943,
    1.7924573765890328,
    1.7903199127780363,
    1.7892355621194787,
    1.7888007775399613,
    1.788524401281342,
    1.7885006141555804,
    1.7871469914712939,
    1.78727027977434,
    1.7867495836095606,
    1.7853348524813422,
    1.784827994072157,
    1.7846188414403867,
    1.7847324155880115,
    1.7831488331114458,
    1.7828655260274018,
    1.7816033544892826,
    1.7805294436543413,
    1.7800036473877618,
    1.7790813742399483,
    1.778547334777815,
    1.7776391261902795,
    1.7770925418526968,
    1.7759893079354008,
    1.775507927074411,
    1.7743537466042787,
    1.7724619365619518,
    1.772724027596289,
    1.7719123829385601,
    1.7730418926924634,
    1.7709664737791124,
    1.7706149145043044,
    1.7703870350676447,
    1.7701392265877292,
    1.7698836243833433,
    1.7700978939370373,
    1.7679331631035713,
    1.7673247570687152,
    1.7671398597228167,
    1.7673418899666422,
    1.7668692750599724,
    1.767458312188391,
    1.7675982509454982,
    1.7670752887362728,
    1.7661816298227428,
    1.7662896760233573,
    1.7647677256839407,
    1.765057447776282,
    1.7647351947637047,
    1.7646574030264228,
    1.765924025890141,
    1.7647139753766716,
    1.763778379756419,
    1.7648438011011378,
    1.7636593326609185,
    1.762524600525586,
    1.7613708353523176,
    1.7626961782023995,
    1.7636305423493082,
    1.763993798017769,
    1.764152354382454,
    1.7635684656803179,
    1.7640762917805892,
    1.7639871512655447,
    1.7632656196196963,
    1.76346466642745,
    1.7625933382305559
  ],
  "val_accs": [
    0.1433370660694289,
    0.15789473684210525,
    0.167973124300112,
    0.1702127659574468,
    0.1791713325867861,
    0.18924972004479285,
    0.187010078387458,
    0.20044792833146696,
    0.1937290033594625,
    0.19260918253079506,
    0.1881298992161254,
    0.19820828667413215,
    0.19820828667413215,
    0.1959686450167973,
    0.1959686450167973,
    0.19820828667413215,
    0.2127659574468085,
    0.21388577827547592,
    0.21612541993281076,
    0.22172452407614782,
    0.20940649496080627,
    0.20940649496080627,
    0.21500559910414332,
    0.21612541993281076,
    0.22732362821948487,
    0.23516237402015677,
    0.22508398656215006,
    0.22956326987681971,
    0.2206047032474804,
    0.22620380739081747,
    0.23068309070548712,
    0.22732362821948487,
    0.22620380739081747,
    0.22620380739081747,
    0.22620380739081747,
    0.22508398656215006,
    0.23292273236282196,
    0.23404255319148937,
    0.23404255319148937,
    0.23516237402015677,
    0.23180291153415453,
    0.23180291153415453,
    0.22732362821948487,
    0.23068309070548712,
    0.2284434490481523,
    0.23180291153415453,
    0.23516237402015677,
    0.2374020156774916,
    0.23852183650615902,
    0.24860022396416573,
    0.24524076147816348,
    0.24636058230683092,
    0.24076147816349383,
    0.24412094064949608,
    0.24636058230683092,
    0.23852183650615902,
    0.24188129899216126,
    0.24300111982082867,
    0.2374020156774916,
    0.23964165733482642,
    0.23404255319148937,
    0.24076147816349383,
    0.23292273236282196,
    0.23068309070548712,
    0.22620380739081747,
    0.23516237402015677,
    0.23964165733482642,
    0.23628219484882418
  ],
  "best_val_loss": 1.7613708353523176,
  "best_epoch": 58,
  "n_epochs_run": 68
}