{
  "Arriba": {
    "precision": 0.27111111111111114,
    "recall": 0.3935483870967742,
    "f1-score": 0.32105263157894737,
    "support": 310.0
  },
  "Abajo": {
    "precision": 0.27605633802816903,
    "recall": 0.32131147540983607,
    "f1-score": 0.296969696969697,
    "support": 305.0
  },
  "Izquierda": {
    "precision": 0.35585585585585583,
    "recall": 0.27241379310344827,
    "f1-score": 0.30859375,
    "support": 290.0
  },
  "Derecha": {
    "precision": 0.2413793103448276,
    "recall": 0.28,
    "f1-score": 0.25925925925925924,
    "support": 300.0
  },
  "Adelante": {
    "precision": 0.31230283911671924,
    "recall": 0.3413793103448276,
    "f1-score": 0.3261943986820428,
    "support": 290.0
  },
  "Atras": {
    "precision": 0.26881720430107525,
    "recall": 0.08620689655172414,
    "f1-score": 0.13054830287206268,
    "support": 290.0
  },
  "accuracy": 0.28403361344537814,
  "macro avg": {
    "precision": 0.2875871097929597,
    "recall": 0.2824766437511017,
    "f1-score": 0.2737696732270015,
    "support": 1785.0
  },
  "weighted avg": {
    "precision": 0.2870467403001921,
    "recall": 0.28403361344537814,
    "f1-score": 0.27441312162112025,
    "support": 1785.0
  }
}