{
  "vocales": {
    "n_folds": 24,
    "window_accuracies_mean": [
      0.32991089404130947,
      0.3688253038648581,
      0.38205479975043266,
      0.36281118707045157,
      0.3438861580500081,
      0.29897367542109815
    ],
    "window_accuracies_std": [
      0.015651283148563174,
      0.021285859551798337,
      0.024679705791849513,
      0.019215670834178564,
      0.01645463430175837,
      0.017197024456487606
    ],
    "window_accuracies_min": [
      0.29936974789915966,
      0.32727272727272727,
      0.34108527131782945,
      0.31263616557734203,
      0.31675675675675674,
      0.2664509169363538
    ],
    "window_accuracies_max": [
      0.354978354978355,
      0.42259887005649716,
      0.447939262472885,
      0.39358288770053473,
      0.3812636165577342,
      0.32646048109965636
    ]
  },
  "comandos": {
    "n_folds": 24,
    "window_accuracies_mean": [
      0.25874821302663004,
      0.2969408463704544,
      0.3038133482132172,
      0.30542623291663884,
      0.28978806903312787,
      0.25947790207601423
    ],
    "window_accuracies_std": [
      0.017712060143290395,
      0.016461633349415947,
      0.02051814388236683,
      0.022904097175108606,
      0.0254046562136995,
      0.016429676527350733
    ],
    "window_accuracies_min": [
      0.2198641765704584,
      0.2585616438356164,
      0.26105442176870747,
      0.26486013986013984,
      0.2438611346316681,
      0.23267750213858
    ],
    "window_accuracies_max": [
      0.29329852045256743,
      0.3233018056749785,
      0.33590402742073694,
      0.35319148936170214,
      0.3441226575809199,
      0.3007582139848357
    ]
  }
}