{
  "A": {
    "precision": 0.30538922155688625,
    "recall": 0.2914285714285714,
    "f1-score": 0.2982456140350877,
    "support": 350.0
  },
  "E": {
    "precision": 0.29473684210526313,
    "recall": 0.17777777777777778,
    "f1-score": 0.22178217821782178,
    "support": 315.0
  },
  "I": {
    "precision": 0.31157894736842107,
    "recall": 0.4417910447761194,
    "f1-score": 0.3654320987654321,
    "support": 335.0
  },
  "O": {
    "precision": 0.34814814814814815,
    "recall": 0.28484848484848485,
    "f1-score": 0.31333333333333335,
    "support": 330.0
  },
  "U": {
    "precision": 0.30569948186528495,
    "recall": 0.3630769230769231,
    "f1-score": 0.3319268635724332,
    "support": 325.0
  },
  "accuracy": 0.3129909365558912,
  "macro avg": {
    "precision": 0.3131105282088007,
    "recall": 0.3117845603815753,
    "f1-score": 0.3061440175848216,
    "support": 1655.0
  },
  "weighted avg": {
    "precision": 0.3132015109798161,
    "recall": 0.3129909365558912,
    "f1-score": 0.306914401690849,
    "support": 1655.0
  }
}