{
  "vocales": {
    "n_folds": 24,
    "window_accuracies_mean": [
      0.3169229916219481,
      0.33916682521582747,
      0.34361718929758656,
      0.33950087926782246,
      0.34288683892844657,
      0.31995250672586234
    ],
    "window_accuracies_std": [
      0.016949828911940096,
      0.017152990870867614,
      0.017450716810107594,
      0.02263017663142804,
      0.02288531130802087,
      0.01783368685981844
    ],
    "window_accuracies_min": [
      0.2814601344860711,
      0.30407801418439717,
      0.3152073732718894,
      0.3081032947462155,
      0.29794826048171275,
      0.2828014184397163
    ],
    "window_accuracies_max": [
      0.3508771929824561,
      0.37279151943462896,
      0.3810391978122151,
      0.3784786641929499,
      0.40234375,
      0.34440559440559443
    ]
  },
  "comandos": {
    "n_folds": 24,
    "window_accuracies_mean": [
      0.2627885846722314,
      0.30034452164077047,
      0.3058204036103594,
      0.2952930933795307,
      0.29830240533688906,
      0.2686965713257869
    ],
    "window_accuracies_std": [
      0.013893873585178669,
      0.017810153565604874,
      0.01792762382405064,
      0.017075144383073934,
      0.02004329559395071,
      0.013260490654632816
    ],
    "window_accuracies_min": [
      0.23980016652789343,
      0.27310924369747897,
      0.2534246575342466,
      0.2641996557659208,
      0.26057529610829105,
      0.24200518582541056
    ],
    "window_accuracies_max": [
      0.287751677852349,
      0.3380634390651085,
      0.33277169334456613,
      0.32537067545304776,
      0.3381849315068493,
      0.2957516339869281
    ]
  }
}