{
  "vocales": {
    "n_folds": 24,
    "window_accuracies_mean": [
      0.31695599036814043,
      0.37093816138157604,
      0.376313639619878,
      0.3540242716233373,
      0.3395447158791867,
      0.29789050274491424
    ],
    "window_accuracies_std": [
      0.020918639914128078,
      0.01679118665246188,
      0.021909143182093978,
      0.016103142002987368,
      0.026998575924349764,
      0.018365952079670844
    ],
    "window_accuracies_min": [
      0.2774869109947644,
      0.33581296493092455,
      0.30947136563876654,
      0.30561330561330563,
      0.28874734607218683,
      0.2706766917293233
    ],
    "window_accuracies_max": [
      0.36523652365236525,
      0.3995381062355658,
      0.4155405405405405,
      0.3782608695652174,
      0.4063876651982379,
      0.33659066232356133
    ]
  },
  "comandos": {
    "n_folds": 24,
    "window_accuracies_mean": [
      0.25927273995934735,
      0.27740235504603483,
      0.2919699272164121,
      0.29644776612448653,
      0.2926260749840498,
      0.26998645333462074
    ],
    "window_accuracies_std": [
      0.017392873817022134,
      0.021181530831271625,
      0.015699382586473947,
      0.019535606180749,
      0.019577545796803483,
      0.014979424657906667
    ],
    "window_accuracies_min": [
      0.2126387702818104,
      0.2527659574468085,
      0.2620802620802621,
      0.25676784249384743,
      0.25668896321070234,
      0.22961730449251247
    ],
    "window_accuracies_max": [
      0.299347471451876,
      0.3392405063291139,
      0.3408360128617363,
      0.3270223752151463,
      0.3327556325823224,
      0.29458740017746227
    ]
  }
}