{
  "A": {
    "precision": 0.2864864864864865,
    "recall": 0.3028571428571429,
    "f1-score": 0.29444444444444445,
    "support": 350.0
  },
  "E": {
    "precision": 0.20394736842105263,
    "recall": 0.09841269841269841,
    "f1-score": 0.13276231263383298,
    "support": 315.0
  },
  "I": {
    "precision": 0.2924731182795699,
    "recall": 0.4059701492537313,
    "f1-score": 0.34,
    "support": 335.0
  },
  "O": {
    "precision": 0.3240506329113924,
    "recall": 0.3878787878787879,
    "f1-score": 0.35310344827586204,
    "support": 330.0
  },
  "U": {
    "precision": 0.304029304029304,
    "recall": 0.2553846153846154,
    "f1-score": 0.27759197324414714,
    "support": 325.0
  },
  "accuracy": 0.29244712990936556,
  "macro avg": {
    "precision": 0.2821973820255611,
    "recall": 0.29010067875739515,
    "f1-score": 0.2795804357196573,
    "support": 1655.0
  },
  "weighted avg": {
    "precision": 0.2829235157805686,
    "recall": 0.29244712990936556,
    "f1-score": 0.2812792829429579,
    "support": 1655.0
  }
}