{
  "vocales": {
    "n_folds": 24,
    "window_accuracies_mean": [
      0.33762917370209306,
      0.3988551129704181,
      0.4053738337763353,
      0.3831676851166672,
      0.3667979713629826,
      0.3235847298697055
    ],
    "window_accuracies_std": [
      0.012299584336224651,
      0.02483071509508719,
      0.020042192143256834,
      0.017066676783881282,
      0.01818723109886137,
      0.02403631684842401
    ],
    "window_accuracies_min": [
      0.3096774193548387,
      0.36630434782608695,
      0.36574585635359114,
      0.3481561822125813,
      0.3107822410147992,
      0.2740740740740741
    ],
    "window_accuracies_max": [
      0.3572192513368984,
      0.4574585635359116,
      0.44805194805194803,
      0.41702127659574467,
      0.3963282937365011,
      0.3747300215982721
    ]
  },
  "comandos": {
    "n_folds": 24,
    "window_accuracies_mean": [
      0.2750333572038857,
      0.30840508276908835,
      0.30901278610153193,
      0.32053220334886123,
      0.3179249090685971,
      0.2752408296438035
    ],
    "window_accuracies_std": [
      0.012689927078521679,
      0.008178637811320714,
      0.017233556319237724,
      0.016066725115299607,
      0.011661577464984932,
      0.010087872811611342
    ],
    "window_accuracies_min": [
      0.2475770925110132,
      0.2959363957597173,
      0.2727272727272727,
      0.2882882882882883,
      0.2889079965606191,
      0.25294650951949227
    ],
    "window_accuracies_max": [
      0.30118289353958144,
      0.3260680034873583,
      0.34445446348061315,
      0.3547204399633364,
      0.34366925064599485,
      0.29502262443438915
    ]
  }
}