{
  "seed": 47,
  "timestamp": "2025-09-29T13:23:51.481491Z",
  "acc_test": 0.16,
  "report": {
    "0": {
      "precision": 0.08333333333333333,
      "recall": 0.1,
      "f1-score": 0.09090909090909091,
      "support": 10.0
    },
    "1": {
      "precision": 0.0,
      "recall": 0.0,
      "f1-score": 0.0,
      "support": 10.0
    },
    "2": {
      "precision": 0.0,
      "recall": 0.0,
      "f1-score": 0.0,
      "support": 10.0
    },
    "3": {
      "precision": 0.25,
      "recall": 0.3,
      "f1-score": 0.2727272727272727,
      "support": 10.0
    },
    "4": {
      "precision": 0.16666666666666666,
      "recall": 0.4,
      "f1-score": 0.23529411764705882,
      "support": 10.0
    },
    "accuracy": 0.16,
    "macro avg": {
      "precision": 0.1,
      "recall": 0.16,
      "f1-score": 0.11978609625668449,
      "support": 50.0
    },
    "weighted avg": {
      "precision": 0.1,
      "recall": 0.16,
      "f1-score": 0.11978609625668449,
      "support": 50.0
    }
  }
}