{
  "scaler": {
    "means": [
      0.20741598308086395,
      15.90604305267334,
      664.1904296875,
      20.403566360473633,
      0.0013067725813016295,
      3.671002149581909
    ],
    "stds": [
      6.382281303405762,
      12.204142570495605,
      1098.474365234375,
      15.744361877441406,
      0.5554497241973877,
      1.825177788734436
    ]
  },
  "n_train": 231,
  "n_val": 50,
  "n_test": 50
}