{
  "vocales": {
    "n_folds": 24,
    "precision_mean": 0.3534865925800455,
    "precision_std": 0.011442483501055367,
    "recall_mean": 0.3468164206076942,
    "recall_std": 0.01130249723823049,
    "f1_mean": 0.3386946521311473,
    "f1_std": 0.011259609190014702
  },
  "comandos": {
    "n_folds": 24,
    "precision_mean": 0.29182087073440216,
    "precision_std": 0.008610861778444891,
    "recall_mean": 0.28514949580354304,
    "recall_std": 0.01046945764471712,
    "f1_mean": 0.2724332871290818,
    "f1_std": 0.014930718725983548
  }
}