{
  "A": {
    "precision": 0.3105590062111801,
    "recall": 0.2857142857142857,
    "f1-score": 0.2976190476190476,
    "support": 350.0
  },
  "E": {
    "precision": 0.256797583081571,
    "recall": 0.2698412698412698,
    "f1-score": 0.2631578947368421,
    "support": 315.0
  },
  "I": {
    "precision": 0.29698375870069604,
    "recall": 0.382089552238806,
    "f1-score": 0.3342036553524804,
    "support": 335.0
  },
  "O": {
    "precision": 0.33088235294117646,
    "recall": 0.2727272727272727,
    "f1-score": 0.29900332225913623,
    "support": 330.0
  },
  "U": {
    "precision": 0.2909698996655518,
    "recall": 0.2676923076923077,
    "f1-score": 0.27884615384615385,
    "support": 325.0
  },
  "accuracy": 0.29607250755287007,
  "macro avg": {
    "precision": 0.2972385201200351,
    "recall": 0.2956129376427884,
    "f1-score": 0.29456601476273203,
    "support": 1655.0
  },
  "weighted avg": {
    "precision": 0.2977841956925883,
    "recall": 0.29607250755287007,
    "f1-score": 0.29505481836698966,
    "support": 1655.0
  }
}