{
  "seed": 51,
  "timestamp": "2025-09-29T13:23:59.580637Z",
  "acc_test": 0.16,
  "report": {
    "0": {
      "precision": 0.0,
      "recall": 0.0,
      "f1-score": 0.0,
      "support": 11.0
    },
    "1": {
      "precision": 0.13043478260869565,
      "recall": 0.3333333333333333,
      "f1-score": 0.1875,
      "support": 9.0
    },
    "2": {
      "precision": 0.16666666666666666,
      "recall": 0.2,
      "f1-score": 0.18181818181818182,
      "support": 10.0
    },
    "3": {
      "precision": 0.2,
      "recall": 0.3,
      "f1-score": 0.24,
      "support": 10.0
    },
    "4": {
      "precision": 0.0,
      "recall": 0.0,
      "f1-score": 0.0,
      "support": 10.0
    },
    "accuracy": 0.16,
    "macro avg": {
      "precision": 0.09942028985507247,
      "recall": 0.16666666666666666,
      "f1-score": 0.12186363636363637,
      "support": 50.0
    },
    "weighted avg": {
      "precision": 0.09681159420289856,
      "recall": 0.16,
      "f1-score": 0.11811363636363638,
      "support": 50.0
    }
  }
}