{
  "scaler": {
    "means": [
      0.44980689883232117,
      16.126846313476562,
      723.2797241210938,
      20.742177963256836,
      -0.010881124995648861,
      3.68125057220459
    ],
    "stds": [
      7.261641979217529,
      13.051522254943848,
      1691.9755859375,
      17.11846351623535,
      0.5485950112342834,
      1.7643513679504395
    ]
  },
  "n_train": 231,
  "n_val": 50,
  "n_test": 50
}