{
  "Arriba": {
    "precision": 0.18309859154929578,
    "recall": 0.16774193548387098,
    "f1-score": 0.1750841750841751,
    "support": 310.0
  },
  "Abajo": {
    "precision": 0.20187793427230047,
    "recall": 0.14098360655737704,
    "f1-score": 0.16602316602316602,
    "support": 305.0
  },
  "Izquierda": {
    "precision": 0.1974025974025974,
    "recall": 0.2620689655172414,
    "f1-score": 0.22518518518518518,
    "support": 290.0
  },
  "Derecha": {
    "precision": 0.20419847328244276,
    "recall": 0.3566666666666667,
    "f1-score": 0.25970873786407767,
    "support": 300.0
  },
  "Adelante": {
    "precision": 0.18115942028985507,
    "recall": 0.08620689655172414,
    "f1-score": 0.11682242990654206,
    "support": 290.0
  },
  "Atras": {
    "precision": 0.18672199170124482,
    "recall": 0.15517241379310345,
    "f1-score": 0.1694915254237288,
    "support": 290.0
  },
  "accuracy": 0.1949579831932773,
  "macro avg": {
    "precision": 0.19240983474962273,
    "recall": 0.19480674742833062,
    "f1-score": 0.1853858699144791,
    "support": 1785.0
  },
  "weighted avg": {
    "precision": 0.19245111374915316,
    "recall": 0.1949579831932773,
    "f1-score": 0.1855241075752748,
    "support": 1785.0
  }
}