{
  "train_losses": [
    1.799996797307079,
    1.7935096984840484,
    1.7916969374356517,
    1.7926324121505617,
    1.7881800311495109,
    1.788787211554934,
    1.785295445605578,
    1.7858829237075442,
    1.784441027508314,
    1.7851280192454972,
    1.78416848040197,
    1.7839440368561155,
    1.784869634772677,
    1.7831877712234558,
    1.7821729225941387,
    1.7818248257694016
  ],
  "val_losses": [
    1.7918993512299934,
    1.7905550380837076,
    1.7898044866517036,
    1.7894436195743044,
    1.7890308541386553,
    1.788821843009513,
    1.7890967999700735,
    1.7898231955685246,
    1.7898438469426496,
    1.7902392693623184,
    1.789467762726018,
    1.789400265571919,
    1.7893455760075825,
    1.7894736218692742,
    1.7895410090251038,
    1.7897473111798756
  ],
  "val_accs": [
    0.16573348264277715,
    0.17245240761478164,
    0.17245240761478164,
    0.18924972004479285,
    0.19708846584546472,
    0.19036954087346025,
    0.1791713325867861,
    0.18029115341545351,
    0.1780515117581187,
    0.1881298992161254,
    0.19148936170212766,
    0.1959686450167973,
    0.1948488241881299,
    0.19148936170212766,
    0.19708846584546472,
    0.20044792833146696
  ],
  "best_val_loss": 1.788821843009513,
  "best_epoch": 6,
  "n_epochs_run": 16
}