{
  "seed": 47,
  "timestamp": "2025-09-29T13:24:11.098686Z",
  "acc_test": 0.18518518518518517,
  "report": {
    "0": {
      "precision": 0.0,
      "recall": 0.0,
      "f1-score": 0.0,
      "support": 9.0
    },
    "1": {
      "precision": 0.25,
      "recall": 0.7777777777777778,
      "f1-score": 0.3783783783783784,
      "support": 9.0
    },
    "2": {
      "precision": 0.0,
      "recall": 0.0,
      "f1-score": 0.0,
      "support": 9.0
    },
    "3": {
      "precision": 0.13333333333333333,
      "recall": 0.2222222222222222,
      "f1-score": 0.16666666666666666,
      "support": 9.0
    },
    "4": {
      "precision": 0.0,
      "recall": 0.0,
      "f1-score": 0.0,
      "support": 9.0
    },
    "5": {
      "precision": 0.09090909090909091,
      "recall": 0.1111111111111111,
      "f1-score": 0.1,
      "support": 9.0
    },
    "accuracy": 0.18518518518518517,
    "macro avg": {
      "precision": 0.07904040404040404,
      "recall": 0.1851851851851852,
      "f1-score": 0.1075075075075075,
      "support": 54.0
    },
    "weighted avg": {
      "precision": 0.07904040404040405,
      "recall": 0.18518518518518517,
      "f1-score": 0.10750750750750751,
      "support": 54.0
    }
  }
}