{
  "scaler": {
    "means": [
      -0.18220695853233337,
      17.171775817871094,
      828.4527587890625,
      22.112106323242188,
      -0.03609618917107582,
      3.684516668319702
    ],
    "stds": [
      7.333199501037598,
      14.184671401977539,
      1763.7779541015625,
      18.42572784423828,
      0.5363078713417053,
      1.9295929670333862
    ]
  },
  "n_train": 249,
  "n_val": 54,
  "n_test": 54
}