{
  "Arriba": {
    "precision": 0.2878787878787879,
    "recall": 0.36774193548387096,
    "f1-score": 0.32294617563739375,
    "support": 310.0
  },
  "Abajo": {
    "precision": 0.24528301886792453,
    "recall": 0.2983606557377049,
    "f1-score": 0.2692307692307692,
    "support": 305.0
  },
  "Izquierda": {
    "precision": 0.3472803347280335,
    "recall": 0.28620689655172415,
    "f1-score": 0.31379962192816635,
    "support": 290.0
  },
  "Derecha": {
    "precision": 0.254071661237785,
    "recall": 0.26,
    "f1-score": 0.257001647446458,
    "support": 300.0
  },
  "Adelante": {
    "precision": 0.2926829268292683,
    "recall": 0.3310344827586207,
    "f1-score": 0.3106796116504854,
    "support": 290.0
  },
  "Atras": {
    "precision": 0.2361111111111111,
    "recall": 0.11724137931034483,
    "f1-score": 0.15668202764976957,
    "support": 290.0
  },
  "accuracy": 0.27787114845938377,
  "macro avg": {
    "precision": 0.2772179734421517,
    "recall": 0.27676422497371095,
    "f1-score": 0.2717233089238404,
    "support": 1785.0
  },
  "weighted avg": {
    "precision": 0.27693939016376273,
    "recall": 0.27787114845938377,
    "f1-score": 0.27219381459560577,
    "support": 1785.0
  }
}