{
  "train_losses": [
    1.9105745424707252,
    1.8430443930338665,
    1.8223101561328015,
    1.8033526231007404,
    1.7849865275693226,
    1.7597936248204795,
    1.7637245971036244,
    1.7507195156740856,
    1.7466707689216339,
    1.708923825298447,
    1.693724464221173,
    1.689337111381163,
    1.7186013086732612,
    1.6966557991073792,
    1.688195176871426,
    1.6616485032690578,
    1.6327848046658986,
    1.6371328241853829,
    1.5615624778241997,
    1.611652866903558,
    1.5502632569117718,
    1.5358073740120393,
    1.5440337586115642,
    1.5234201054975212
  ],
  "val_losses": [
    1.9299049377441406,
    2.9415781497955322,
    2.3303074836730957,
    2.0546531677246094,
    1.9450510740280151,
    1.8934320211410522,
    1.8697174787521362,
    1.8641613721847534,
    1.859728217124939,
    1.8841384649276733,
    1.9440102577209473,
    1.9125181436538696,
    1.9203650951385498,
    1.9546332359313965,
    1.957392930984497,
    1.9433565139770508,
    1.959535837173462,
    1.946958303451538,
    2.00929856300354,
    2.041480541229248,
    2.1162779331207275,
    2.155330181121826,
    1.9809072017669678,
    1.9749913215637207
  ],
  "val_accs": [
    0.1111111111111111,
    0.09259259259259259,
    0.18518518518518517,
    0.07407407407407407,
    0.09259259259259259,
    0.2222222222222222,
    0.14814814814814814,
    0.2037037037037037,
    0.2222222222222222,
    0.12962962962962962,
    0.18518518518518517,
    0.16666666666666666,
    0.2037037037037037,
    0.12962962962962962,
    0.12962962962962962,
    0.1111111111111111,
    0.12962962962962962,
    0.16666666666666666,
    0.18518518518518517,
    0.2222222222222222,
    0.14814814814814814,
    0.14814814814814814,
    0.25925925925925924,
    0.2037037037037037
  ],
  "best_val_loss": 1.859728217124939,
  "best_epoch": 9,
  "n_epochs_run": 24
}