{
  "seed": 51,
  "timestamp": "2025-09-29T13:24:18.119114Z",
  "acc_test": 0.12962962962962962,
  "report": {
    "0": {
      "precision": 0.0,
      "recall": 0.0,
      "f1-score": 0.0,
      "support": 10.0
    },
    "1": {
      "precision": 0.10526315789473684,
      "recall": 0.2222222222222222,
      "f1-score": 0.14285714285714285,
      "support": 9.0
    },
    "2": {
      "precision": 0.2222222222222222,
      "recall": 0.25,
      "f1-score": 0.23529411764705882,
      "support": 8.0
    },
    "3": {
      "precision": 0.0,
      "recall": 0.0,
      "f1-score": 0.0,
      "support": 9.0
    },
    "4": {
      "precision": 0.2,
      "recall": 0.1111111111111111,
      "f1-score": 0.14285714285714285,
      "support": 9.0
    },
    "5": {
      "precision": 0.14285714285714285,
      "recall": 0.2222222222222222,
      "f1-score": 0.17391304347826086,
      "support": 9.0
    },
    "accuracy": 0.12962962962962962,
    "macro avg": {
      "precision": 0.11172375382901696,
      "recall": 0.13425925925925924,
      "f1-score": 0.11582024113993422,
      "support": 54.0
    },
    "weighted avg": {
      "precision": 0.10760852749156842,
      "recall": 0.12962962962962962,
      "f1-score": 0.1114629426649887,
      "support": 54.0
    }
  }
}