{
  "scaler": {
    "means": [
      -0.2595021724700928,
      17.057209014892578,
      811.0264282226562,
      21.97027587890625,
      -0.04662726819515228,
      3.70632004737854
    ],
    "stds": [
      7.066027641296387,
      13.9159517288208,
      1710.91259765625,
      18.119972229003906,
      0.5430600643157959,
      1.9751864671707153
    ]
  },
  "n_train": 249,
  "n_val": 54,
  "n_test": 54
}