{
  "seed": 43,
  "timestamp": "2025-09-29T13:24:03.561947Z",
  "acc_test": 0.18518518518518517,
  "report": {
    "0": {
      "precision": 0.15384615384615385,
      "recall": 0.2,
      "f1-score": 0.17391304347826086,
      "support": 10.0
    },
    "1": {
      "precision": 0.14285714285714285,
      "recall": 0.2222222222222222,
      "f1-score": 0.17391304347826086,
      "support": 9.0
    },
    "2": {
      "precision": 0.3333333333333333,
      "recall": 0.1111111111111111,
      "f1-score": 0.16666666666666666,
      "support": 9.0
    },
    "3": {
      "precision": 0.2,
      "recall": 0.2222222222222222,
      "f1-score": 0.21052631578947367,
      "support": 9.0
    },
    "4": {
      "precision": 0.0,
      "recall": 0.0,
      "f1-score": 0.0,
      "support": 8.0
    },
    "5": {
      "precision": 0.21428571428571427,
      "recall": 0.3333333333333333,
      "f1-score": 0.2608695652173913,
      "support": 9.0
    },
    "accuracy": 0.18518518518518517,
    "macro avg": {
      "precision": 0.17405372405372402,
      "recall": 0.18148148148148147,
      "f1-score": 0.16431477243834222,
      "support": 54.0
    },
    "weighted avg": {
      "precision": 0.1769027269027269,
      "recall": 0.18518518518518517,
      "f1-score": 0.1675353843546063,
      "support": 54.0
    }
  }
}