{
  "scaler": {
    "means": [
      -0.10437426716089249,
      17.08823585510254,
      811.245361328125,
      22.003915786743164,
      -0.03264164179563522,
      3.6817290782928467
    ],
    "stds": [
      7.177954196929932,
      13.94656753540039,
      1696.4322509765625,
      18.085161209106445,
      0.5411767959594727,
      1.7951444387435913
    ]
  },
  "n_train": 249,
  "n_val": 54,
  "n_test": 54
}