{
  "vocales": {
    "n_folds": 24,
    "window_accuracies_mean": [
      0.3070171137444887,
      0.32599058429419875,
      0.33548769893889974,
      0.35080497152963136,
      0.3394243803815327,
      0.2966794450542544
    ],
    "window_accuracies_std": [
      0.018861703160075367,
      0.02317644668200229,
      0.029080965530747335,
      0.023063306295725974,
      0.02231211258995081,
      0.01921474367082283
    ],
    "window_accuracies_min": [
      0.27063106796116504,
      0.28784403669724773,
      0.2926239419588875,
      0.300357568533969,
      0.28859857482185275,
      0.26714801444043323
    ],
    "window_accuracies_max": [
      0.3375722543352601,
      0.3844282238442822,
      0.4073170731707317,
      0.38875878220140514,
      0.37761377613776137,
      0.33767772511848343
    ]
  },
  "comandos": {
    "n_folds": 24,
    "window_accuracies_mean": [
      0.2628779188354866,
      0.2785674289632371,
      0.2895764253535776,
      0.2824348904132851,
      0.2708310512300151,
      0.24387377858104373
    ],
    "window_accuracies_std": [
      0.014012919875225066,
      0.01755142980632115,
      0.017683196136155422,
      0.01576803413532163,
      0.019367930949716988,
      0.01687016754844546
    ],
    "window_accuracies_min": [
      0.24266666666666667,
      0.2467289719626168,
      0.25472547254725475,
      0.24858757062146894,
      0.22664199814986125,
      0.2181987000928505
    ],
    "window_accuracies_max": [
      0.2922330097087379,
      0.31347387717690195,
      0.33856893542757416,
      0.3115487914055506,
      0.3047530288909599,
      0.2725581395348837
    ]
  }
}