{
  "train_losses": [
    1.985617963664503,
    1.8533082812665456,
    1.837001249014613,
    1.7998417658978199,
    1.7798055855624646,
    1.772268257945417,
    1.7720733191593583,
    1.7240025767360825,
    1.7169867265655334,
    1.6965340433350529,
    1.7121919522802513,
    1.6856882371098163,
    1.6910559800734002,
    1.6891977787017822,
    1.6663778101105289,
    1.623776510537389,
    1.6326027634632156,
    1.626111537577158,
    1.622598188469209,
    1.6058189466775181,
    1.5981239712381938
  ],
  "val_losses": [
    1.8497285842895508,
    1.924027919769287,
    1.8902099132537842,
    1.850182056427002,
    1.811712622642517,
    1.8107103109359741,
    1.830053687095642,
    1.8531242609024048,
    1.9025614261627197,
    1.947101354598999,
    1.9577722549438477,
    1.9118375778198242,
    1.892285943031311,
    1.8765230178833008,
    1.8855470418930054,
    1.9203603267669678,
    1.9495779275894165,
    2.025313377380371,
    2.0247037410736084,
    2.057101249694824,
    1.9795591831207275
  ],
  "val_accs": [
    0.18518518518518517,
    0.18518518518518517,
    0.16666666666666666,
    0.14814814814814814,
    0.14814814814814814,
    0.16666666666666666,
    0.14814814814814814,
    0.1111111111111111,
    0.12962962962962962,
    0.14814814814814814,
    0.16666666666666666,
    0.12962962962962962,
    0.12962962962962962,
    0.18518518518518517,
    0.12962962962962962,
    0.18518518518518517,
    0.1111111111111111,
    0.14814814814814814,
    0.12962962962962962,
    0.12962962962962962,
    0.14814814814814814
  ],
  "best_val_loss": 1.8107103109359741,
  "best_epoch": 6,
  "n_epochs_run": 21
}