{
  "train_losses": [
    1.7926150126890703,
    1.6136436028914019,
    1.5694519606503574,
    1.5613517652858386,
    1.6134621555154973,
    1.5422429604963823,
    1.5237646969881924,
    1.4965182000940496,
    1.4787015481428667,
    1.4537193775177002,
    1.5018504099412398,
    1.4253832535310225,
    1.3253876512700862,
    1.3940037814053623,
    1.3241912776773626,
    1.3971536918119951,
    1.326120680028742,
    1.3541124950755725,
    1.337518572807312,
    1.2567674680189653,
    1.2355269518765537,
    1.2545090046795933,
    1.192822586406361,
    1.2482445348392834,
    1.2356353456323796,
    1.225849520076405,
    1.1592446999116377
  ],
  "val_losses": [
    1.762872338294983,
    2.009770631790161,
    2.1859214305877686,
    2.2827279567718506,
    1.8241183757781982,
    1.7515387535095215,
    1.7785130739212036,
    1.824238896369934,
    1.845624566078186,
    1.7943743467330933,
    1.7489455938339233,
    1.7219961881637573,
    1.7233178615570068,
    1.7825425863265991,
    1.8869757652282715,
    1.8473302125930786,
    1.8119980096817017,
    1.7853702306747437,
    1.7679673433303833,
    1.8061517477035522,
    1.9432644844055176,
    2.0150704383850098,
    2.1375985145568848,
    2.439532518386841,
    2.3120949268341064,
    2.0588083267211914,
    2.095470905303955
  ],
  "val_accs": [
    0.18,
    0.22,
    0.22,
    0.26,
    0.24,
    0.18,
    0.16,
    0.1,
    0.2,
    0.2,
    0.26,
    0.16,
    0.2,
    0.18,
    0.2,
    0.26,
    0.26,
    0.22,
    0.26,
    0.22,
    0.2,
    0.18,
    0.14,
    0.26,
    0.24,
    0.26,
    0.12
  ],
  "best_val_loss": 1.7219961881637573,
  "best_epoch": 12,
  "n_epochs_run": 27
}