{
  "seed": 45,
  "timestamp": "2025-09-29T13:23:48.054872Z",
  "acc_test": 0.16,
  "report": {
    "0": {
      "precision": 0.3333333333333333,
      "recall": 0.2,
      "f1-score": 0.25,
      "support": 10.0
    },
    "1": {
      "precision": 0.3333333333333333,
      "recall": 0.1,
      "f1-score": 0.15384615384615385,
      "support": 10.0
    },
    "2": {
      "precision": 0.07142857142857142,
      "recall": 0.1,
      "f1-score": 0.08333333333333333,
      "support": 10.0
    },
    "3": {
      "precision": 0.16,
      "recall": 0.4,
      "f1-score": 0.22857142857142856,
      "support": 10.0
    },
    "4": {
      "precision": 0.0,
      "recall": 0.0,
      "f1-score": 0.0,
      "support": 10.0
    },
    "accuracy": 0.16,
    "macro avg": {
      "precision": 0.17961904761904762,
      "recall": 0.16,
      "f1-score": 0.14315018315018316,
      "support": 50.0
    },
    "weighted avg": {
      "precision": 0.17961904761904762,
      "recall": 0.16,
      "f1-score": 0.14315018315018313,
      "support": 50.0
    }
  }
}