{
  "scaler": {
    "means": [
      0.5996993184089661,
      16.079364776611328,
      694.0801391601562,
      20.622915267944336,
      -0.01706787198781967,
      3.6473233699798584
    ],
    "stds": [
      6.734047889709473,
      12.685904502868652,
      1339.06982421875,
      16.394376754760742,
      0.5406159162521362,
      1.6510964632034302
    ]
  },
  "n_train": 231,
  "n_val": 50,
  "n_test": 50
}