{
  "vocales": {
    "n_folds": 24,
    "precision_mean": 0.35244432613256493,
    "precision_std": 0.010793430438066203,
    "recall_mean": 0.3442863537828374,
    "recall_std": 0.011880290207423391,
    "f1_mean": 0.3370892663762983,
    "f1_std": 0.012676727363248796
  },
  "comandos": {
    "n_folds": 24,
    "precision_mean": 0.29254151623458763,
    "precision_std": 0.008899895752200683,
    "recall_mean": 0.2894378453891513,
    "recall_std": 0.006487492917039279,
    "f1_mean": 0.28069976550438047,
    "f1_std": 0.006314654813390216
  }
}