{
  "A": {
    "precision": 0.2798165137614679,
    "recall": 0.3485714285714286,
    "f1-score": 0.3104325699745547,
    "support": 350.0
  },
  "E": {
    "precision": 0.3157894736842105,
    "recall": 0.17142857142857143,
    "f1-score": 0.2222222222222222,
    "support": 315.0
  },
  "I": {
    "precision": 0.3481675392670157,
    "recall": 0.3970149253731343,
    "f1-score": 0.37099023709902373,
    "support": 335.0
  },
  "O": {
    "precision": 0.36828644501278773,
    "recall": 0.43636363636363634,
    "f1-score": 0.39944521497919555,
    "support": 330.0
  },
  "U": {
    "precision": 0.29818181818181816,
    "recall": 0.2523076923076923,
    "f1-score": 0.2733333333333333,
    "support": 325.0
  },
  "accuracy": 0.32326283987915405,
  "macro avg": {
    "precision": 0.32204835798146003,
    "recall": 0.3211372508088926,
    "f1-score": 0.3152847155216659,
    "support": 1655.0
  },
  "weighted avg": {
    "precision": 0.3217457446796382,
    "recall": 0.32326283987915405,
    "f1-score": 0.3163645819913807,
    "support": 1655.0
  }
}