{
  "vocales": {
    "n_folds": 24,
    "precision_mean": 0.3575299533609808,
    "precision_std": 0.013711829141121153,
    "recall_mean": 0.34129216269841267,
    "recall_std": 0.0112087880434699,
    "f1_mean": 0.33049783015564804,
    "f1_std": 0.012600046926164461
  },
  "comandos": {
    "n_folds": 24,
    "precision_mean": 0.28134649672030315,
    "precision_std": 0.012025016833979723,
    "recall_mean": 0.2807510000605036,
    "recall_std": 0.010607403958978459,
    "f1_mean": 0.26862426693445407,
    "f1_std": 0.015493141616072943
  }
}