{
  "Arriba": {
    "precision": 0.2421875,
    "recall": 0.3,
    "f1-score": 0.2680115273775216,
    "support": 310.0
  },
  "Abajo": {
    "precision": 0.18787878787878787,
    "recall": 0.10163934426229508,
    "f1-score": 0.13191489361702127,
    "support": 305.0
  },
  "Izquierda": {
    "precision": 0.18421052631578946,
    "recall": 0.16896551724137931,
    "f1-score": 0.17625899280575538,
    "support": 290.0
  },
  "Derecha": {
    "precision": 0.18874773139745918,
    "recall": 0.3466666666666667,
    "f1-score": 0.2444183313748531,
    "support": 300.0
  },
  "Adelante": {
    "precision": 0.20588235294117646,
    "recall": 0.14482758620689656,
    "f1-score": 0.1700404858299595,
    "support": 290.0
  },
  "Atras": {
    "precision": 0.19069767441860466,
    "recall": 0.1413793103448276,
    "f1-score": 0.16237623762376238,
    "support": 290.0
  },
  "accuracy": 0.20168067226890757,
  "macro avg": {
    "precision": 0.1999340954919696,
    "recall": 0.20057973745367752,
    "f1-score": 0.1921700781048122,
    "support": 1785.0
  },
  "weighted avg": {
    "precision": 0.2002435491810552,
    "recall": 0.20168067226890757,
    "f1-score": 0.1928062034554216,
    "support": 1785.0
  }
}