{
  "train_losses": [
    1.7977703885728145,
    1.7942502878576636,
    1.7905244404576215,
    1.7902798985105113,
    1.7873249780609313,
    1.7878856293233742,
    1.786907793516182,
    1.7870100883848639,
    1.7843208949404408,
    1.7842679170973272,
    1.7851017632807393,
    1.7845090347457218,
    1.7848716969509049,
    1.7838278310707365,
    1.7830587359538592,
    1.7815875954836964,
    1.7811360777136813,
    1.7827995079922012,
    1.780346625829598,
    1.779806520834387,
    1.781688549604074,
    1.7787043440389443,
    1.7811684689198832,
    1.7785320020766848
  ],
  "val_losses": [
    1.7922258064701468,
    1.791169171370691,
    1.7905543578031482,
    1.7902186332064005,
    1.789602394066626,
    1.7892822609236099,
    1.7891751136651632,
    1.7889811497386066,
    1.7896712532502672,
    1.789520984133841,
    1.7891942908755876,
    1.788997243927147,
    1.7883446846670426,
    1.7881049646642413,
    1.7883202000401188,
    1.7890621140716056,
    1.7885022322247837,
    1.7886964435139536,
    1.7888305649111278,
    1.7885264885785999,
    1.7886932223267678,
    1.7892128402682195,
    1.788620758163435,
    1.7881280602960277
  ],
  "val_accs": [
    0.16349384098544234,
    0.1881298992161254,
    0.1948488241881299,
    0.17357222844344905,
    0.16685330347144456,
    0.1791713325867861,
    0.1769316909294513,
    0.18365061590145576,
    0.187010078387458,
    0.1780515117581187,
    0.1780515117581187,
    0.17581187010078386,
    0.187010078387458,
    0.187010078387458,
    0.1937290033594625,
    0.18253079507278835,
    0.187010078387458,
    0.187010078387458,
    0.18253079507278835,
    0.18477043673012317,
    0.19260918253079506,
    0.1881298992161254,
    0.19708846584546472,
    0.1959686450167973
  ],
  "best_val_loss": 1.7881049646642413,
  "best_epoch": 14,
  "n_epochs_run": 24
}