{
  "Arriba": {
    "precision": 0.24178403755868544,
    "recall": 0.33225806451612905,
    "f1-score": 0.2798913043478261,
    "support": 310.0
  },
  "Abajo": {
    "precision": 0.25691699604743085,
    "recall": 0.21311475409836064,
    "f1-score": 0.23297491039426524,
    "support": 305.0
  },
  "Izquierda": {
    "precision": 0.29583333333333334,
    "recall": 0.24482758620689654,
    "f1-score": 0.2679245283018868,
    "support": 290.0
  },
  "Derecha": {
    "precision": 0.25675675675675674,
    "recall": 0.31666666666666665,
    "f1-score": 0.2835820895522388,
    "support": 300.0
  },
  "Adelante": {
    "precision": 0.24,
    "recall": 0.2689655172413793,
    "f1-score": 0.25365853658536586,
    "support": 290.0
  },
  "Atras": {
    "precision": 0.2982456140350877,
    "recall": 0.17586206896551723,
    "f1-score": 0.22125813449023862,
    "support": 290.0
  },
  "accuracy": 0.2593837535014006,
  "macro avg": {
    "precision": 0.26492278962188237,
    "recall": 0.2586157762824916,
    "f1-score": 0.25654825061197023,
    "support": 1785.0
  },
  "weighted avg": {
    "precision": 0.2645505082361502,
    "recall": 0.2593837535014006,
    "f1-score": 0.2567631522146897,
    "support": 1785.0
  }
}