{
  "train_losses": [
    1.7991964180630993,
    1.7934394975107504,
    1.7923281938431272,
    1.7905943721414088,
    1.7888126957464028,
    1.7888812762332627,
    1.7876099941739998,
    1.7868171806829385,
    1.7854474236765705,
    1.7848296697396207,
    1.7852665741605114,
    1.7826520855208317,
    1.7823917799261937,
    1.7811939673594746,
    1.783833842353517,
    1.7805050554503483,
    1.7809925673017464,
    1.781503449398208,
    1.7806272473468248,
    1.7814876667531838,
    1.7798468240228782,
    1.7790363248125964,
    1.778750153176813,
    1.7770831955381599,
    1.7780913655976376,
    1.7779271436402522,
    1.7774966014808868,
    1.7759187520737667,
    1.7750471203450662,
    1.7771490627076045,
    1.7762303295363469,
    1.7753848184152428,
    1.7726622416203714,
    1.7758546198506755,
    1.7740134789174296,
    1.7712718718555345,
    1.7723155501354264,
    1.7727417418681293,
    1.7713329782523957,
    1.768736381929709,
    1.7726836237774428,
    1.7691811294669648,
    1.7715159312662376,
    1.7699297429080978,
    1.7674644691535677,
    1.7687552488182645,
    1.7684151261926173,
    1.7691362203354855,
    1.76587545254316,
    1.7672367884343363,
    1.7668769720541053,
    1.766796844414031,
    1.7681842804904953,
    1.765992706040462,
    1.7695237773348136,
    1.7670546803341445,
    1.7672597022645502,
    1.7661135315420142,
    1.764916098925222,
    1.7633354763585734,
    1.7607949283493467,
    1.7639916579561878,
    1.764283813328382,
    1.7612197009690729,
    1.7596580991707,
    1.7649088556548038,
    1.7629893524238314,
    1.7646005837565875,
    1.7619226225818772,
    1.763760578584861,
    1.7603173099191065,
    1.7657637591380997,
    1.7614893181865434,
    1.7618714651738505,
    1.763198239394868,
    1.763399266151793
  ],
  "val_losses": [
    1.791284779952328,
    1.789470955212199,
    1.7893972693205147,
    1.7885885067776364,
    1.7884251315809978,
    1.7873764096822877,
    1.7859114395143738,
    1.7859329399042674,
    1.7859124316346873,
    1.7845267910439384,
    1.7833763065957542,
    1.78307212960947,
    1.7820639759802739,
    1.7814470408077603,
    1.7817177437454428,
    1.780689686303176,
    1.7806240930268906,
    1.7794867308115772,
    1.778873044859789,
    1.778814870192516,
    1.778374183217996,
    1.7777159089871244,
    1.7782519624588338,
    1.7768758542059784,
    1.7768497571165591,
    1.7765087299090616,
    1.7752351141456526,
    1.7741848698922529,
    1.7741984418631935,
    1.774060895434953,
    1.7736278000764323,
    1.7722680511293059,
    1.771478137270467,
    1.7707891552338808,
    1.7704125369115746,
    1.7711037787184336,
    1.769339889321322,
    1.768463899680775,
    1.7682226138045514,
    1.7668244318091721,
    1.766803590874923,
    1.7669824766285076,
    1.765047946542268,
    1.7648777756151668,
    1.7653322999448018,
    1.764453540590549,
    1.7639229808916304,
    1.7631196181424387,
    1.7623511599533235,
    1.762574221625974,
    1.7617765387388786,
    1.7627072256863585,
    1.7618775776225535,
    1.759860937966478,
    1.75994945680441,
    1.7590265832048781,
    1.7588614786058363,
    1.7592557814193333,
    1.758740609330266,
    1.7581246961805082,
    1.7575360802226478,
    1.7580942979451657,
    1.7572270670503145,
    1.7565047173590835,
    1.7567696648776063,
    1.7560926666451995,
    1.7564689013084933,
    1.7565795272622102,
    1.7574563111863772,
    1.7562828216146915,
    1.757036572341022,
    1.7574462709074459,
    1.7582816424855727,
    1.7564824744808714,
    1.756345556804875,
    1.757012402357206
  ],
  "val_accs": [
    0.1769316909294513,
    0.1713325867861142,
    0.1780515117581187,
    0.18253079507278835,
    0.19036954087346025,
    0.19260918253079506,
    0.187010078387458,
    0.1881298992161254,
    0.18477043673012317,
    0.19932810750279956,
    0.19932810750279956,
    0.18924972004479285,
    0.18365061590145576,
    0.18477043673012317,
    0.20044792833146696,
    0.1948488241881299,
    0.19932810750279956,
    0.20492721164613661,
    0.20044792833146696,
    0.1948488241881299,
    0.19708846584546472,
    0.1959686450167973,
    0.19260918253079506,
    0.2038073908174692,
    0.20716685330347145,
    0.20940649496080627,
    0.20940649496080627,
    0.22172452407614782,
    0.21500559910414332,
    0.22172452407614782,
    0.21948488241881298,
    0.21948488241881298,
    0.22508398656215006,
    0.22172452407614782,
    0.2284434490481523,
    0.21836506159014557,
    0.22508398656215006,
    0.21948488241881298,
    0.21836506159014557,
    0.23292273236282196,
    0.23404255319148937,
    0.23292273236282196,
    0.23292273236282196,
    0.23292273236282196,
    0.2374020156774916,
    0.23516237402015677,
    0.22396416573348266,
    0.22732362821948487,
    0.23516237402015677,
    0.23628219484882418,
    0.24076147816349383,
    0.24076147816349383,
    0.24524076147816348,
    0.24412094064949608,
    0.24524076147816348,
    0.24524076147816348,
    0.24300111982082867,
    0.2284434490481523,
    0.24412094064949608,
    0.23404255319148937,
    0.23068309070548712,
    0.23516237402015677,
    0.25083986562150057,
    0.25755879059350506,
    0.24748040313549832,
    0.2530795072788354,
    0.251959686450168,
    0.24860022396416573,
    0.25083986562150057,
    0.2541993281075028,
    0.24860022396416573,
    0.2541993281075028,
    0.2564389697648376,
    0.24972004479283313,
    0.2609182530795073,
    0.25083986562150057
  ],
  "best_val_loss": 1.7560926666451995,
  "best_epoch": 66,
  "n_epochs_run": 76
}