{
  "seed": 42,
  "timestamp": "2025-09-29T13:24:01.708682Z",
  "acc_test": 0.16666666666666666,
  "report": {
    "0": {
      "precision": 0.0,
      "recall": 0.0,
      "f1-score": 0.0,
      "support": 10.0
    },
    "1": {
      "precision": 0.25,
      "recall": 0.4444444444444444,
      "f1-score": 0.32,
      "support": 9.0
    },
    "2": {
      "precision": 0.4,
      "recall": 0.25,
      "f1-score": 0.3076923076923077,
      "support": 8.0
    },
    "3": {
      "precision": 0.0,
      "recall": 0.0,
      "f1-score": 0.0,
      "support": 9.0
    },
    "4": {
      "precision": 0.5,
      "recall": 0.1111111111111111,
      "f1-score": 0.18181818181818182,
      "support": 9.0
    },
    "5": {
      "precision": 0.16666666666666666,
      "recall": 0.2222222222222222,
      "f1-score": 0.19047619047619047,
      "support": 9.0
    },
    "accuracy": 0.16666666666666666,
    "macro avg": {
      "precision": 0.21944444444444444,
      "recall": 0.17129629629629628,
      "f1-score": 0.16666444666444669,
      "support": 54.0
    },
    "weighted avg": {
      "precision": 0.21203703703703702,
      "recall": 0.16666666666666666,
      "f1-score": 0.16096644096644097,
      "support": 54.0
    }
  }
}