{
  "train_losses": [
    1.8983445569693325,
    1.856993354946734,
    1.7837411754102592,
    1.7534748114735248,
    1.691310038049537,
    1.7287450497408947,
    1.7586376997361701,
    1.7046564759978329,
    1.7348756359284183,
    1.6630779691489346,
    1.6474472830094486,
    1.6358264742127384,
    1.5918290098029446,
    1.607942572559219,
    1.548467821385487,
    1.5029823234282345,
    1.5095777382333595,
    1.470767732126167,
    1.4726543397788543,
    1.5533341786947594,
    1.4006237193762539,
    1.4207129263016114,
    1.4092450256807258,
    1.4932083336703748,
    1.2412628739713185,
    1.4135111972510097
  ],
  "val_losses": [
    2.2673563957214355,
    2.905164957046509,
    2.142899751663208,
    1.9742474555969238,
    1.9872369766235352,
    1.974723219871521,
    1.9033139944076538,
    1.8841958045959473,
    1.8781702518463135,
    1.8492348194122314,
    1.8390318155288696,
    1.8416814804077148,
    1.889912724494934,
    1.9274612665176392,
    1.9252805709838867,
    1.8900033235549927,
    2.0024375915527344,
    2.084131956100464,
    2.03273344039917,
    2.0093376636505127,
    2.1765506267547607,
    2.3605785369873047,
    2.3861148357391357,
    2.5164129734039307,
    2.919485330581665,
    2.9578211307525635
  ],
  "val_accs": [
    0.18518518518518517,
    0.2037037037037037,
    0.18518518518518517,
    0.2222222222222222,
    0.12962962962962962,
    0.16666666666666666,
    0.14814814814814814,
    0.14814814814814814,
    0.14814814814814814,
    0.14814814814814814,
    0.14814814814814814,
    0.14814814814814814,
    0.12962962962962962,
    0.18518518518518517,
    0.16666666666666666,
    0.16666666666666666,
    0.24074074074074073,
    0.14814814814814814,
    0.18518518518518517,
    0.14814814814814814,
    0.2037037037037037,
    0.18518518518518517,
    0.24074074074074073,
    0.2777777777777778,
    0.18518518518518517,
    0.16666666666666666
  ],
  "best_val_loss": 1.8390318155288696,
  "best_epoch": 11,
  "n_epochs_run": 26
}