{
  "scaler": {
    "means": [
      -0.14395765960216522,
      16.965320587158203,
      780.8206176757812,
      21.804302215576172,
      -0.04523409530520439,
      3.630047082901001
    ],
    "stds": [
      6.709842205047607,
      13.549653053283691,
      1288.4990234375,
      17.47549819946289,
      0.5227562785148621,
      1.5783438682556152
    ]
  },
  "n_train": 249,
  "n_val": 54,
  "n_test": 54
}