{
  "seed": 44,
  "timestamp": "2025-09-29T13:24:05.861467Z",
  "acc_test": 0.2222222222222222,
  "report": {
    "0": {
      "precision": 0.1875,
      "recall": 0.3,
      "f1-score": 0.23076923076923078,
      "support": 10.0
    },
    "1": {
      "precision": 0.3,
      "recall": 0.3333333333333333,
      "f1-score": 0.3157894736842105,
      "support": 9.0
    },
    "2": {
      "precision": 0.2,
      "recall": 0.1111111111111111,
      "f1-score": 0.14285714285714285,
      "support": 9.0
    },
    "3": {
      "precision": 0.36363636363636365,
      "recall": 0.4444444444444444,
      "f1-score": 0.4,
      "support": 9.0
    },
    "4": {
      "precision": 0.0,
      "recall": 0.0,
      "f1-score": 0.0,
      "support": 9.0
    },
    "5": {
      "precision": 0.08333333333333333,
      "recall": 0.125,
      "f1-score": 0.1,
      "support": 8.0
    },
    "accuracy": 0.2222222222222222,
    "macro avg": {
      "precision": 0.18907828282828285,
      "recall": 0.21898148148148147,
      "f1-score": 0.19823597455176403,
      "support": 54.0
    },
    "weighted avg": {
      "precision": 0.1910072951739618,
      "recall": 0.2222222222222222,
      "f1-score": 0.20065762697341646,
      "support": 54.0
    }
  }
}