{
  "train_losses": [
    1.8834896547248565,
    1.8567933332489197,
    1.8230994580739952,
    1.748567825340363,
    1.751998833863132,
    1.7044490231088845,
    1.7692726247281914,
    1.7115905141255943,
    1.6938505919582874,
    1.6726175718996898,
    1.6329875983387592,
    1.6490719591278629,
    1.655801859246679,
    1.6108665365770638,
    1.6367360971060143,
    1.5611419131956905,
    1.6016858600708375,
    1.505607031914125,
    1.5258651612752892,
    1.5861997144768036,
    1.4235368967056274,
    1.5106613205139896,
    1.455975164850074,
    1.4314934546688953,
    1.420135245265731,
    1.4917538180408707
  ],
  "val_losses": [
    4.021924018859863,
    2.1311147212982178,
    2.1146624088287354,
    2.098438262939453,
    1.9843415021896362,
    1.930910348892212,
    1.8813447952270508,
    1.8650672435760498,
    1.8538216352462769,
    1.8356362581253052,
    1.826474905014038,
    1.8371590375900269,
    1.8607313632965088,
    1.868660807609558,
    1.8810458183288574,
    1.9238783121109009,
    1.9178521633148193,
    1.8775233030319214,
    1.913493275642395,
    2.1211812496185303,
    1.9922800064086914,
    2.056412935256958,
    2.1467888355255127,
    2.324702262878418,
    2.1718227863311768,
    2.192716360092163
  ],
  "val_accs": [
    0.16666666666666666,
    0.2037037037037037,
    0.16666666666666666,
    0.1111111111111111,
    0.1111111111111111,
    0.14814814814814814,
    0.12962962962962962,
    0.2037037037037037,
    0.09259259259259259,
    0.09259259259259259,
    0.1111111111111111,
    0.14814814814814814,
    0.14814814814814814,
    0.14814814814814814,
    0.1111111111111111,
    0.07407407407407407,
    0.12962962962962962,
    0.16666666666666666,
    0.18518518518518517,
    0.09259259259259259,
    0.12962962962962962,
    0.12962962962962962,
    0.12962962962962962,
    0.14814814814814814,
    0.12962962962962962,
    0.1111111111111111
  ],
  "best_val_loss": 1.826474905014038,
  "best_epoch": 11,
  "n_epochs_run": 26
}