{
  "scaler": {
    "means": [
      -0.3776935935020447,
      17.031259536743164,
      808.6231689453125,
      21.9232234954834,
      -0.04277016595005989,
      3.713088035583496
    ],
    "stds": [
      7.293761253356934,
      13.986714363098145,
      1724.3065185546875,
      18.110639572143555,
      0.551146924495697,
      1.9869065284729004
    ]
  },
  "n_train": 249,
  "n_val": 54,
  "n_test": 54
}