{
  "vocales": {
    "n_folds": 24,
    "precision_mean": 0.36172671489822433,
    "precision_std": 0.013972724887467376,
    "recall_mean": 0.34955597007474276,
    "recall_std": 0.012026205652226557,
    "f1_mean": 0.3374653858584504,
    "f1_std": 0.012764438967981798
  },
  "comandos": {
    "n_folds": 24,
    "precision_mean": 0.3142561405698245,
    "precision_std": 0.011649980319610292,
    "recall_mean": 0.3034687020471507,
    "recall_std": 0.011452154034379805,
    "f1_mean": 0.2973315890492319,
    "f1_std": 0.012495999498858722
  }
}