{
  "vocales": {
    "n_folds": 24,
    "window_accuracies_mean": [
      0.32372159835547704,
      0.37255472410871726,
      0.4079205706580818,
      0.3901477116554452,
      0.367980747940066,
      0.32888211608042756
    ],
    "window_accuracies_std": [
      0.015893027344654764,
      0.021726465775120742,
      0.02002939575417741,
      0.017712245440514387,
      0.022099260058356104,
      0.015181334938815091
    ],
    "window_accuracies_min": [
      0.296137339055794,
      0.33194154488517746,
      0.3744725738396624,
      0.362087326943557,
      0.3247588424437299,
      0.3049645390070922
    ],
    "window_accuracies_max": [
      0.35480572597137017,
      0.4130675526024363,
      0.4498977505112474,
      0.4315569487983281,
      0.40667361835245047,
      0.35161290322580646
    ]
  },
  "comandos": {
    "n_folds": 24,
    "window_accuracies_mean": [
      0.2553207298562068,
      0.3108027181136147,
      0.3177161231788531,
      0.33049754884090177,
      0.3154589723030923,
      0.2832670690228766
    ],
    "window_accuracies_std": [
      0.01485744393792229,
      0.016386487849473892,
      0.018706193704731436,
      0.020943987178268817,
      0.018073447965282242,
      0.013303840156426838
    ],
    "window_accuracies_min": [
      0.23276561232765614,
      0.2804979253112033,
      0.2850838481906443,
      0.2920502092050209,
      0.28496503496503495,
      0.25645592163846836
    ],
    "window_accuracies_max": [
      0.29141370338248046,
      0.34491746307558646,
      0.3579595426561126,
      0.36122971818958155,
      0.3566084788029925,
      0.3049095607235142
    ]
  }
}