{
  "vocales": {
    "n_folds": 24,
    "precision_mean": 0.3232714421774751,
    "precision_std": 0.014937736816649453,
    "recall_mean": 0.31926533725669753,
    "recall_std": 0.01738640342656962,
    "f1_mean": 0.30155646832654465,
    "f1_std": 0.020091490734866095
  },
  "comandos": {
    "n_folds": 24,
    "precision_mean": 0.2715680071680739,
    "precision_std": 0.010391985514160162,
    "recall_mean": 0.2717604081899155,
    "recall_std": 0.009254064492056605,
    "f1_mean": 0.26392494209603484,
    "f1_std": 0.010711831373733199
  }
}