{
  "train_losses": [
    1.7851429310711948,
    1.6355922547253696,
    1.660377318208868,
    1.653465834530917,
    1.5831664367155596,
    1.613988832993941,
    1.5572848428379407,
    1.590581471269781,
    1.5504468787800183,
    1.5563225529410623,
    1.5790801048278809,
    1.5351327007467097,
    1.5182413296266035,
    1.5306762131777676,
    1.4901659922166304,
    1.4751672419634732,
    1.459907510063865,
    1.4389994577928023,
    1.4164928739721125,
    1.4710586721246892,
    1.4034097086299548,
    1.43836801702326,
    1.3739787448536267,
    1.3686333136125044,
    1.3215349045666782,
    1.344567970796065,
    1.3111892505125566,
    1.2597995779731057,
    1.2271385409615256,
    1.20051418651234,
    1.2337438193234531
  ],
  "val_losses": [
    2.3904364109039307,
    2.236891031265259,
    1.780755877494812,
    1.7544207572937012,
    1.7670685052871704,
    1.7039973735809326,
    1.6965417861938477,
    1.66727876663208,
    1.6260217428207397,
    1.6250079870224,
    1.6461312770843506,
    1.6435476541519165,
    1.6396279335021973,
    1.6449334621429443,
    1.6288957595825195,
    1.595305323600769,
    1.6608936786651611,
    1.6697051525115967,
    1.666214942932129,
    1.6535677909851074,
    1.6694215536117554,
    1.734646201133728,
    1.8209352493286133,
    1.8640769720077515,
    1.8459924459457397,
    1.8914941549301147,
    1.8261423110961914,
    1.9459142684936523,
    2.0265398025512695,
    2.1961517333984375,
    2.1468374729156494
  ],
  "val_accs": [
    0.18,
    0.22,
    0.2,
    0.06,
    0.16,
    0.2,
    0.18,
    0.16,
    0.18,
    0.2,
    0.26,
    0.24,
    0.28,
    0.24,
    0.32,
    0.4,
    0.26,
    0.3,
    0.28,
    0.26,
    0.28,
    0.2,
    0.28,
    0.28,
    0.28,
    0.2,
    0.32,
    0.28,
    0.28,
    0.28,
    0.26
  ],
  "best_val_loss": 1.595305323600769,
  "best_epoch": 16,
  "n_epochs_run": 31
}