{
  "seed": 44,
  "timestamp": "2025-09-29T13:23:46.348625Z",
  "acc_test": 0.18,
  "report": {
    "0": {
      "precision": 0.23076923076923078,
      "recall": 0.2727272727272727,
      "f1-score": 0.25,
      "support": 11.0
    },
    "1": {
      "precision": 0.2,
      "recall": 0.5555555555555556,
      "f1-score": 0.29411764705882354,
      "support": 9.0
    },
    "2": {
      "precision": 0.0,
      "recall": 0.0,
      "f1-score": 0.0,
      "support": 10.0
    },
    "3": {
      "precision": 0.0,
      "recall": 0.0,
      "f1-score": 0.0,
      "support": 10.0
    },
    "4": {
      "precision": 0.16666666666666666,
      "recall": 0.1,
      "f1-score": 0.125,
      "support": 10.0
    },
    "accuracy": 0.18,
    "macro avg": {
      "precision": 0.11948717948717949,
      "recall": 0.18565656565656566,
      "f1-score": 0.13382352941176473,
      "support": 50.0
    },
    "weighted avg": {
      "precision": 0.1201025641025641,
      "recall": 0.18,
      "f1-score": 0.13294117647058823,
      "support": 50.0
    }
  }
}