{
  "scaler": {
    "means": [
      0.37522631883621216,
      15.852389335632324,
      668.7158813476562,
      20.352008819580078,
      -0.016679653897881508,
      3.668506145477295
    ],
    "stds": [
      6.762645721435547,
      12.30038833618164,
      1270.4715576171875,
      15.95341968536377,
      0.5500117540359497,
      1.8041127920150757
    ]
  },
  "n_train": 231,
  "n_val": 50,
  "n_test": 50
}