{
  "seed": 48,
  "timestamp": "2025-09-29T13:24:12.931484Z",
  "acc_test": 0.14814814814814814,
  "report": {
    "0": {
      "precision": 0.375,
      "recall": 0.3,
      "f1-score": 0.3333333333333333,
      "support": 10.0
    },
    "1": {
      "precision": 0.13043478260869565,
      "recall": 0.3333333333333333,
      "f1-score": 0.1875,
      "support": 9.0
    },
    "2": {
      "precision": 0.0,
      "recall": 0.0,
      "f1-score": 0.0,
      "support": 9.0
    },
    "3": {
      "precision": 0.0,
      "recall": 0.0,
      "f1-score": 0.0,
      "support": 9.0
    },
    "4": {
      "precision": 0.0,
      "recall": 0.0,
      "f1-score": 0.0,
      "support": 9.0
    },
    "5": {
      "precision": 0.15384615384615385,
      "recall": 0.25,
      "f1-score": 0.19047619047619047,
      "support": 8.0
    },
    "accuracy": 0.14814814814814814,
    "macro avg": {
      "precision": 0.10988015607580826,
      "recall": 0.14722222222222223,
      "f1-score": 0.11855158730158728,
      "support": 54.0
    },
    "weighted avg": {
      "precision": 0.11397559767124985,
      "recall": 0.14814814814814814,
      "f1-score": 0.12119708994708994,
      "support": 54.0
    }
  }
}