{
  "train_losses": [
    1.940433213509709,
    1.8309174158486976,
    1.7900245333292397,
    1.776614696146494,
    1.7289494247321624,
    1.7194325105253472,
    1.7227222186973297,
    1.7144702012280384,
    1.6841624343251607,
    1.6633865818919906,
    1.6412064354103733,
    1.5834976118731212,
    1.5285159033465099,
    1.5474991295711105,
    1.503729206969939,
    1.5820709237133164,
    1.549880027770996,
    1.5141902630587658,
    1.4162028984851147,
    1.4546758223728962,
    1.4494484433208603,
    1.4312157013330116,
    1.351973013705518,
    1.3757706693856113,
    1.2524553264480038
  ],
  "val_losses": [
    2.3714678287506104,
    2.366340160369873,
    2.4396374225616455,
    2.4634103775024414,
    2.330010414123535,
    2.2677998542785645,
    2.018510580062866,
    1.9523557424545288,
    1.942133903503418,
    1.9408364295959473,
    1.9719243049621582,
    2.0483787059783936,
    2.097661256790161,
    2.1272497177124023,
    2.1873795986175537,
    2.2014963626861572,
    2.224367618560791,
    2.262190818786621,
    2.42767596244812,
    2.331512928009033,
    2.2116613388061523,
    2.4181463718414307,
    2.567335605621338,
    2.230574131011963,
    2.220144033432007
  ],
  "val_accs": [
    0.14814814814814814,
    0.12962962962962962,
    0.16666666666666666,
    0.16666666666666666,
    0.14814814814814814,
    0.12962962962962962,
    0.14814814814814814,
    0.16666666666666666,
    0.16666666666666666,
    0.1111111111111111,
    0.16666666666666666,
    0.2222222222222222,
    0.09259259259259259,
    0.07407407407407407,
    0.09259259259259259,
    0.14814814814814814,
    0.2222222222222222,
    0.18518518518518517,
    0.16666666666666666,
    0.14814814814814814,
    0.1111111111111111,
    0.16666666666666666,
    0.16666666666666666,
    0.18518518518518517,
    0.12962962962962962
  ],
  "best_val_loss": 1.9408364295959473,
  "best_epoch": 10,
  "n_epochs_run": 25
}