{
  "scaler": {
    "means": [
      -0.03570030257105827,
      16.89974594116211,
      774.3289184570312,
      21.795711517333984,
      -0.03558262065052986,
      3.698134660720825
    ],
    "stds": [
      6.435671329498291,
      13.287850379943848,
      1240.631103515625,
      17.299592971801758,
      0.5396469235420227,
      1.7778593301773071
    ]
  },
  "n_train": 249,
  "n_val": 54,
  "n_test": 54
}