{
  "vocales": {
    "n_folds": 18,
    "window_accuracies_mean": [
      0.3183064801043053,
      0.3444296883183444,
      0.3460507257860107,
      0.3450963387538566,
      0.3388005383786931,
      0.31468493046033497
    ],
    "window_accuracies_std": [
      0.019643807144226314,
      0.01455466237686494,
      0.02078570076838405,
      0.017386566193365684,
      0.013661140260237896,
      0.01688419168275567
    ],
    "window_accuracies_min": [
      0.29292929292929293,
      0.31648936170212766,
      0.3167259786476868,
      0.32092198581560283,
      0.31348837209302327,
      0.27932960893854747
    ],
    "window_accuracies_max": [
      0.3715034965034965,
      0.3628808864265928,
      0.3814814814814815,
      0.37969924812030076,
      0.3617208077260755,
      0.34654377880184334
    ]
  },
  "comandos": {
    "n_folds": 18,
    "window_accuracies_mean": [
      0.25895238420929556,
      0.2992141888595885,
      0.294750126174136,
      0.2992457600005157,
      0.2917745303859837,
      0.26710850563277544
    ],
    "window_accuracies_std": [
      0.014324359371017292,
      0.014394790171985212,
      0.014046910171307702,
      0.0161550970308595,
      0.01464332811386187,
      0.021027829594277955
    ],
    "window_accuracies_min": [
      0.2331390507910075,
      0.2687713310580205,
      0.2584745762711864,
      0.2620408163265306,
      0.2656641604010025,
      0.2369546621043627
    ],
    "window_accuracies_max": [
      0.2878289473684211,
      0.3325,
      0.31872852233676974,
      0.3263888888888889,
      0.319376026272578,
      0.32422907488986785
    ]
  }
}