{
  "experiment_root": "/home/ecatorano/tesis_licfis/tesis_cientibeca/experiments/EEGNet_full_baseline",
  "n_subjects": 15,
  "subjects": [
    "S01_EEG_augmented",
    "S02_EEG_augmented",
    "S03_EEG_augmented",
    "S04_EEG_augmented",
    "S05_EEG_augmented",
    "S06_EEG_augmented",
    "S07_EEG_augmented",
    "S08_EEG_augmented",
    "S09_EEG_augmented",
    "S10_EEG_augmented",
    "S11_EEG_augmented",
    "S12_EEG_augmented",
    "S13_EEG_augmented",
    "S14_EEG_augmented",
    "S15_EEG_augmented"
  ],
  "vocales": {
    "n_subjects": 15,
    "window_accuracies_mean_across_subjects": [
      0.31840931724784016,
      0.35590547272357964,
      0.36865036330168305,
      0.3623229662966586,
      0.34800491625585717,
      0.31230059356417805
    ],
    "window_accuracies_std_across_subjects": [
      0.017928019451555796,
      0.02411713655964134,
      0.028459514113596214,
      0.021935195143067777,
      0.016959453666777327,
      0.014706399245140086
    ]
  },
  "comandos": {
    "n_subjects": 15,
    "window_accuracies_mean_across_subjects": [
      0.26455025397146975,
      0.30107121079679383,
      0.3176003807650841,
      0.31812923501920665,
      0.3060062362875648,
      0.2724942624891899
    ],
    "window_accuracies_std_across_subjects": [
      0.008887193896970498,
      0.014606274988646053,
      0.017909331862320417,
      0.018098207379699173,
      0.014119640639596816,
      0.012554574989735917
    ]
  }
}