{
  "vocales": {
    "n_folds": 24,
    "precision_mean": 0.3728241990222558,
    "precision_std": 0.01503649354690778,
    "recall_mean": 0.3604514860139861,
    "recall_std": 0.013377064530528135,
    "f1_mean": 0.3501905547057804,
    "f1_std": 0.017955394572490804
  },
  "comandos": {
    "n_folds": 24,
    "precision_mean": 0.30665278736983553,
    "precision_std": 0.013263986104648911,
    "recall_mean": 0.2994885917305697,
    "recall_std": 0.011783980618661183,
    "f1_mean": 0.2904802505973669,
    "f1_std": 0.014958131637266428
  }
}