{
  "A": {
    "precision": 0.2979452054794521,
    "recall": 0.24857142857142858,
    "f1-score": 0.27102803738317754,
    "support": 350.0
  },
  "E": {
    "precision": 0.3048327137546468,
    "recall": 0.26031746031746034,
    "f1-score": 0.2808219178082192,
    "support": 315.0
  },
  "I": {
    "precision": 0.3682983682983683,
    "recall": 0.4716417910447761,
    "f1-score": 0.41361256544502617,
    "support": 335.0
  },
  "O": {
    "precision": 0.30835734870317005,
    "recall": 0.3242424242424242,
    "f1-score": 0.31610044313146235,
    "support": 330.0
  },
  "U": {
    "precision": 0.3553459119496855,
    "recall": 0.3476923076923077,
    "f1-score": 0.3514774494556765,
    "support": 325.0
  },
  "accuracy": 0.33051359516616313,
  "macro avg": {
    "precision": 0.32695590963706456,
    "recall": 0.3304930823736794,
    "f1-score": 0.3266080826447123,
    "support": 1655.0
  },
  "weighted avg": {
    "precision": 0.3268449707469301,
    "recall": 0.33051359516616313,
    "f1-score": 0.3265391201959289,
    "support": 1655.0
  }
}