{
  "A": {
    "precision": 0.21333333333333335,
    "recall": 0.2742857142857143,
    "f1-score": 0.24,
    "support": 350.0
  },
  "E": {
    "precision": 0.3013698630136986,
    "recall": 0.13968253968253969,
    "f1-score": 0.19088937093275488,
    "support": 315.0
  },
  "I": {
    "precision": 0.3129251700680272,
    "recall": 0.41194029850746267,
    "f1-score": 0.3556701030927835,
    "support": 335.0
  },
  "O": {
    "precision": 0.3007915567282322,
    "recall": 0.34545454545454546,
    "f1-score": 0.3215796897038082,
    "support": 330.0
  },
  "U": {
    "precision": 0.28451882845188287,
    "recall": 0.20923076923076922,
    "f1-score": 0.24113475177304963,
    "support": 325.0
  },
  "accuracy": 0.27794561933534745,
  "macro avg": {
    "precision": 0.2825877503190349,
    "recall": 0.27611877343220625,
    "f1-score": 0.2698547831004792,
    "support": 1655.0
  },
  "weighted avg": {
    "precision": 0.28166642807006004,
    "recall": 0.27794561933534745,
    "f1-score": 0.27055572707456077,
    "support": 1655.0
  }
}