{
  "experiment_root": "C:\\Users\\SantaFe-Tech\\Desktop\\Enzo_Catorano\\Universidad\\Extracurricular_investigacion\\tesis_cientibeca\\experiments\\EEGNet_full_baseline_prueba_S01",
  "n_subjects": 1,
  "subjects": [
    "S01_EEG_augmented"
  ],
  "vocales": {
    "n_subjects": 1,
    "window_accuracies_mean_across_subjects": [
      0.3183064801043053,
      0.3444296883183444,
      0.3460507257860107,
      0.3450963387538566,
      0.3388005383786931,
      0.31468493046033497
    ],
    "window_accuracies_std_across_subjects": [
      0.0,
      0.0,
      0.0,
      0.0,
      0.0,
      0.0
    ]
  },
  "comandos": {
    "n_subjects": 1,
    "window_accuracies_mean_across_subjects": [
      0.25895238420929556,
      0.2992141888595885,
      0.294750126174136,
      0.2992457600005157,
      0.2917745303859837,
      0.26710850563277544
    ],
    "window_accuracies_std_across_subjects": [
      0.0,
      0.0,
      0.0,
      0.0,
      0.0,
      0.0
    ]
  }
}