{
  "Arriba": {
    "precision": 0.2961038961038961,
    "recall": 0.36774193548387096,
    "f1-score": 0.32805755395683456,
    "support": 310.0
  },
  "Abajo": {
    "precision": 0.2711864406779661,
    "recall": 0.26229508196721313,
    "f1-score": 0.26666666666666666,
    "support": 305.0
  },
  "Izquierda": {
    "precision": 0.32441471571906355,
    "recall": 0.33448275862068966,
    "f1-score": 0.3293718166383701,
    "support": 290.0
  },
  "Derecha": {
    "precision": 0.2746268656716418,
    "recall": 0.30666666666666664,
    "f1-score": 0.28976377952755905,
    "support": 300.0
  },
  "Adelante": {
    "precision": 0.26112759643916916,
    "recall": 0.30344827586206896,
    "f1-score": 0.2807017543859649,
    "support": 290.0
  },
  "Atras": {
    "precision": 0.23880597014925373,
    "recall": 0.1103448275862069,
    "f1-score": 0.1509433962264151,
    "support": 290.0
  },
  "accuracy": 0.28179271708683473,
  "macro avg": {
    "precision": 0.27771091412683174,
    "recall": 0.2808299243644527,
    "f1-score": 0.27425082790030175,
    "support": 1785.0
  },
  "weighted avg": {
    "precision": 0.27784489286815184,
    "recall": 0.28179271708683473,
    "f1-score": 0.2748768792274158,
    "support": 1785.0
  }
}