{
  "A": {
    "precision": 0.24619289340101522,
    "recall": 0.27714285714285714,
    "f1-score": 0.260752688172043,
    "support": 350.0
  },
  "E": {
    "precision": 0.28054298642533937,
    "recall": 0.19682539682539682,
    "f1-score": 0.23134328358208955,
    "support": 315.0
  },
  "I": {
    "precision": 0.23076923076923078,
    "recall": 0.2507462686567164,
    "f1-score": 0.24034334763948498,
    "support": 335.0
  },
  "O": {
    "precision": 0.24834437086092714,
    "recall": 0.22727272727272727,
    "f1-score": 0.23734177215189872,
    "support": 330.0
  },
  "U": {
    "precision": 0.30213903743315507,
    "recall": 0.3476923076923077,
    "f1-score": 0.32331902718168815,
    "support": 325.0
  },
  "accuracy": 0.26042296072507554,
  "macro avg": {
    "precision": 0.2615977037779335,
    "recall": 0.25993591151800105,
    "f1-score": 0.2586200237454409,
    "support": 1655.0
  },
  "weighted avg": {
    "precision": 0.2610242146658072,
    "recall": 0.26042296072507554,
    "f1-score": 0.2586423355238525,
    "support": 1655.0
  }
}