{
  "train_losses": [
    1.6132403056029587,
    1.6101774235643829,
    1.607181475949124,
    1.602425222366756,
    1.6030104712574245,
    1.6025885142174858,
    1.599963156620224,
    1.6000501503956563,
    1.598913278374173,
    1.5974876143971721,
    1.596136581118161,
    1.5958018712874498,
    1.5963386826440282,
    1.5939293119016391,
    1.5915978544267757,
    1.5950963683011181,
    1.5941494414674142,
    1.5946293961078157,
    1.5919016416367067,
    1.5924964233486545,
    1.5917318009427366,
    1.5908659476633278,
    1.5891161075258824,
    1.5913343059307492,
    1.5883855578946446,
    1.5888340045929723,
    1.5858749174441014,
    1.58697672956051,
    1.587205145780682,
    1.5879637327100729,
    1.584528784712193,
    1.586903909284572,
    1.585098718914935,
    1.5851276260871319,
    1.5862804474055214,
    1.5858563366585552,
    1.5836609031780464,
    1.5843706735271854,
    1.5814874401921089,
    1.5809685644310114,
    1.5816040167924428,
    1.5823435945384083,
    1.5834796825190975,
    1.582690714012941,
    1.5831493959181002,
    1.5791299018473117,
    1.580647605880885,
    1.5792708886586948,
    1.5774334742748546,
    1.580375514175166,
    1.580439143794262,
    1.5791319329674267,
    1.5777757822370728,
    1.5771464429254483,
    1.5764354897678754,
    1.581049679653331,
    1.577719442025117,
    1.57947004203174,
    1.5776897240152483
  ],
  "val_losses": [
    1.6076409960714515,
    1.6054879092939809,
    1.6028342581025645,
    1.6000331715109268,
    1.5981455713078596,
    1.5976337966135734,
    1.5961627274895636,
    1.5947778512890212,
    1.5937695491717057,
    1.5934234154973053,
    1.5924867051811034,
    1.592683234076569,
    1.591895061990489,
    1.5908743718971954,
    1.5906571241968497,
    1.590249666845165,
    1.5898869481063695,
    1.5899842966005997,
    1.5892902192286247,
    1.5891861950141797,
    1.5899318024732065,
    1.5906746577525483,
    1.5901058324869128,
    1.5909012867056804,
    1.5909541638001152,
    1.59078666207871,
    1.5903088931300213,
    1.5897587445623056,
    1.5890519993316725,
    1.588388859361842,
    1.5886886194708267,
    1.5886124879265753,
    1.588398996758576,
    1.587708308500944,
    1.5874393308796169,
    1.5870277685819616,
    1.5873057082079458,
    1.586389878521795,
    1.5876196133341767,
    1.5871251222592044,
    1.5865071971635312,
    1.5853929248984886,
    1.5858498875069733,
    1.5853833132895871,
    1.5859198126815943,
    1.5855183664727326,
    1.5857679400467066,
    1.5854300479382133,
    1.5845107842182768,
    1.5851654816364897,
    1.5849193662836931,
    1.5853953355752328,
    1.5847671469628524,
    1.5847690082402621,
    1.5848317497594344,
    1.5847221129182456,
    1.5852265749576586,
    1.5849018137236148,
    1.584768765790451
  ],
  "val_accs": [
    0.21739130434782608,
    0.24154589371980675,
    0.23671497584541062,
    0.2391304347826087,
    0.2463768115942029,
    0.25483091787439616,
    0.2572463768115942,
    0.24516908212560387,
    0.24516908212560387,
    0.2560386473429952,
    0.26207729468599034,
    0.27053140096618356,
    0.27053140096618356,
    0.27053140096618356,
    0.26570048309178745,
    0.26570048309178745,
    0.26570048309178745,
    0.2644927536231884,
    0.26207729468599034,
    0.2524154589371981,
    0.2572463768115942,
    0.2632850241545894,
    0.2608695652173913,
    0.2644927536231884,
    0.2572463768115942,
    0.2560386473429952,
    0.27294685990338163,
    0.27657004830917875,
    0.2741545893719807,
    0.2632850241545894,
    0.2669082125603865,
    0.27053140096618356,
    0.27053140096618356,
    0.27294685990338163,
    0.286231884057971,
    0.2741545893719807,
    0.2777777777777778,
    0.27657004830917875,
    0.2717391304347826,
    0.27657004830917875,
    0.27898550724637683,
    0.2741545893719807,
    0.27294685990338163,
    0.27898550724637683,
    0.27898550724637683,
    0.2669082125603865,
    0.2753623188405797,
    0.2669082125603865,
    0.2741545893719807,
    0.2777777777777778,
    0.27053140096618356,
    0.27053140096618356,
    0.286231884057971,
    0.28140096618357485,
    0.2886473429951691,
    0.2826086956521739,
    0.2886473429951691,
    0.28019323671497587,
    0.2753623188405797
  ],
  "best_val_loss": 1.5845107842182768,
  "best_epoch": 49,
  "n_epochs_run": 59
}