{
  "Arriba": {
    "precision": 0.25892857142857145,
    "recall": 0.3741935483870968,
    "f1-score": 0.30606860158311344,
    "support": 310.0
  },
  "Abajo": {
    "precision": 0.3063583815028902,
    "recall": 0.1737704918032787,
    "f1-score": 0.2217573221757322,
    "support": 305.0
  },
  "Izquierda": {
    "precision": 0.3092105263157895,
    "recall": 0.16206896551724137,
    "f1-score": 0.21266968325791855,
    "support": 290.0
  },
  "Derecha": {
    "precision": 0.2356020942408377,
    "recall": 0.45,
    "f1-score": 0.30927835051546393,
    "support": 300.0
  },
  "Adelante": {
    "precision": 0.2689075630252101,
    "recall": 0.2206896551724138,
    "f1-score": 0.24242424242424243,
    "support": 290.0
  },
  "Atras": {
    "precision": 0.2736318407960199,
    "recall": 0.1896551724137931,
    "f1-score": 0.2240325865580448,
    "support": 290.0
  },
  "accuracy": 0.26330532212885155,
  "macro avg": {
    "precision": 0.27543982955155316,
    "recall": 0.261729638882304,
    "f1-score": 0.2527051310857526,
    "support": 1785.0
  },
  "weighted avg": {
    "precision": 0.2752914686348603,
    "recall": 0.26330532212885155,
    "f1-score": 0.25335991230177163,
    "support": 1785.0
  }
}