{
  "vocales": {
    "n_folds": 24,
    "precision_mean": 0.3306981195106007,
    "precision_std": 0.012129419584583257,
    "recall_mean": 0.3295131072631073,
    "recall_std": 0.01059930253020079,
    "f1_mean": 0.3211275503119941,
    "f1_std": 0.01421355054451044
  },
  "comandos": {
    "n_folds": 24,
    "precision_mean": 0.2793594435698494,
    "precision_std": 0.014227125152314212,
    "recall_mean": 0.2769872992369337,
    "recall_std": 0.010394741560281355,
    "f1_mean": 0.264057563370873,
    "f1_std": 0.013128247687439405
  }
}