{
  "vocales": {
    "n_folds": 24,
    "precision_mean": 0.33319850310705545,
    "precision_std": 0.010512941206090698,
    "recall_mean": 0.32859464022710294,
    "recall_std": 0.009156018424050337,
    "f1_mean": 0.30384510189626973,
    "f1_std": 0.009734638678291212
  },
  "comandos": {
    "n_folds": 24,
    "precision_mean": 0.29046191583910963,
    "precision_std": 0.010549871673913955,
    "recall_mean": 0.28792707877453394,
    "recall_std": 0.010552810031579407,
    "f1_mean": 0.2783282437490427,
    "f1_std": 0.015223935227857893
  }
}