{
  "A": {
    "precision": 0.34276729559748426,
    "recall": 0.31142857142857144,
    "f1-score": 0.3263473053892216,
    "support": 350.0
  },
  "E": {
    "precision": 0.3519163763066202,
    "recall": 0.32063492063492066,
    "f1-score": 0.33554817275747506,
    "support": 315.0
  },
  "I": {
    "precision": 0.3141592920353982,
    "recall": 0.42388059701492536,
    "f1-score": 0.36086404066073696,
    "support": 335.0
  },
  "O": {
    "precision": 0.3253424657534247,
    "recall": 0.2878787878787879,
    "f1-score": 0.3054662379421222,
    "support": 330.0
  },
  "U": {
    "precision": 0.33986928104575165,
    "recall": 0.32,
    "f1-score": 0.329635499207607,
    "support": 325.0
  },
  "accuracy": 0.3329305135951662,
  "macro avg": {
    "precision": 0.33481094214773577,
    "recall": 0.3327645753914411,
    "f1-score": 0.3315722511914326,
    "support": 1655.0
  },
  "weighted avg": {
    "precision": 0.33467438360487173,
    "recall": 0.3329305135951662,
    "f1-score": 0.33156742035622455,
    "support": 1655.0
  }
}