{
  "seed": 49,
  "timestamp": "2025-09-29T13:24:14.660864Z",
  "acc_test": 0.2037037037037037,
  "report": {
    "0": {
      "precision": 0.0,
      "recall": 0.0,
      "f1-score": 0.0,
      "support": 10.0
    },
    "1": {
      "precision": 0.19444444444444445,
      "recall": 0.7777777777777778,
      "f1-score": 0.3111111111111111,
      "support": 9.0
    },
    "2": {
      "precision": 0.26666666666666666,
      "recall": 0.5,
      "f1-score": 0.34782608695652173,
      "support": 8.0
    },
    "3": {
      "precision": 0.0,
      "recall": 0.0,
      "f1-score": 0.0,
      "support": 9.0
    },
    "4": {
      "precision": 0.0,
      "recall": 0.0,
      "f1-score": 0.0,
      "support": 9.0
    },
    "5": {
      "precision": 0.0,
      "recall": 0.0,
      "f1-score": 0.0,
      "support": 9.0
    },
    "accuracy": 0.2037037037037037,
    "macro avg": {
      "precision": 0.07685185185185185,
      "recall": 0.21296296296296294,
      "f1-score": 0.10982286634460547,
      "support": 54.0
    },
    "weighted avg": {
      "precision": 0.07191358024691358,
      "recall": 0.2037037037037037,
      "f1-score": 0.10338164251207729,
      "support": 54.0
    }
  }
}