{
  "scaler": {
    "means": [
      -0.14681601524353027,
      17.08087158203125,
      815.0343017578125,
      21.981548309326172,
      -0.041909605264663696,
      3.6613781452178955
    ],
    "stds": [
      7.407616138458252,
      14.063526153564453,
      1722.739013671875,
      18.216638565063477,
      0.5396920442581177,
      1.7538769245147705
    ]
  },
  "n_train": 249,
  "n_val": 54,
  "n_test": 54
}