{
  "Arriba": {
    "precision": 0.24153498871331827,
    "recall": 0.34516129032258064,
    "f1-score": 0.28419654714475434,
    "support": 310.0
  },
  "Abajo": {
    "precision": 0.22568093385214008,
    "recall": 0.1901639344262295,
    "f1-score": 0.20640569395017794,
    "support": 305.0
  },
  "Izquierda": {
    "precision": 0.3121951219512195,
    "recall": 0.2206896551724138,
    "f1-score": 0.2585858585858586,
    "support": 290.0
  },
  "Derecha": {
    "precision": 0.2923497267759563,
    "recall": 0.3566666666666667,
    "f1-score": 0.3213213213213213,
    "support": 300.0
  },
  "Adelante": {
    "precision": 0.30666666666666664,
    "recall": 0.31724137931034485,
    "f1-score": 0.31186440677966104,
    "support": 290.0
  },
  "Atras": {
    "precision": 0.32242990654205606,
    "recall": 0.23793103448275862,
    "f1-score": 0.27380952380952384,
    "support": 290.0
  },
  "accuracy": 0.2784313725490196,
  "macro avg": {
    "precision": 0.2834762240835595,
    "recall": 0.277975660063499,
    "f1-score": 0.27603055859854947,
    "support": 1785.0
  },
  "weighted avg": {
    "precision": 0.2825703310673398,
    "recall": 0.2784313725490196,
    "f1-score": 0.275790701135483,
    "support": 1785.0
  }
}