{
  "vocales": {
    "n_folds": 24,
    "window_accuracies_mean": [
      0.34363111251485257,
      0.37207634496986614,
      0.37925614000961033,
      0.3760044188075851,
      0.343637643894497,
      0.32345605198224564
    ],
    "window_accuracies_std": [
      0.017081155690240782,
      0.015781540980418524,
      0.022205811647869406,
      0.02209758570241428,
      0.018405585415282665,
      0.01786548137766944
    ],
    "window_accuracies_min": [
      0.3143507972665148,
      0.34675615212527966,
      0.33223322332233224,
      0.3282937365010799,
      0.31334841628959276,
      0.2911255411255411
    ],
    "window_accuracies_max": [
      0.3737596471885336,
      0.40607424071991,
      0.4225352112676056,
      0.42665173572228443,
      0.3810597519729425,
      0.3515881708652793
    ]
  },
  "comandos": {
    "n_folds": 24,
    "window_accuracies_mean": [
      0.2718817103853106,
      0.3154970914781605,
      0.3402429336756898,
      0.34084243188330515,
      0.3095189717516184,
      0.26918723710632914
    ],
    "window_accuracies_std": [
      0.01659185535446517,
      0.01725685359445634,
      0.01958088067102194,
      0.014480489979906518,
      0.01299767914338174,
      0.01720201216913124
    ],
    "window_accuracies_min": [
      0.23759541984732824,
      0.29460966542750927,
      0.3042671614100185,
      0.31724137931034485,
      0.2814885496183206,
      0.23529411764705882
    ],
    "window_accuracies_max": [
      0.31138287864534336,
      0.3598875351452671,
      0.3919843597262952,
      0.3713527851458886,
      0.3358208955223881,
      0.3064985451018429
    ]
  }
}