{
  "A": {
    "precision": 0.29190751445086704,
    "recall": 0.2885714285714286,
    "f1-score": 0.29022988505747127,
    "support": 350.0
  },
  "E": {
    "precision": 0.2694805194805195,
    "recall": 0.2634920634920635,
    "f1-score": 0.2664526484751204,
    "support": 315.0
  },
  "I": {
    "precision": 0.3464566929133858,
    "recall": 0.3940298507462687,
    "f1-score": 0.3687150837988827,
    "support": 335.0
  },
  "O": {
    "precision": 0.3282208588957055,
    "recall": 0.3242424242424242,
    "f1-score": 0.32621951219512196,
    "support": 330.0
  },
  "U": {
    "precision": 0.3231292517006803,
    "recall": 0.2923076923076923,
    "f1-score": 0.3069466882067851,
    "support": 325.0
  },
  "accuracy": 0.3129909365558912,
  "macro avg": {
    "precision": 0.31183896748823164,
    "recall": 0.3125286918719755,
    "f1-score": 0.31171276354667626,
    "support": 1655.0
  },
  "weighted avg": {
    "precision": 0.3120524930866799,
    "recall": 0.3129909365558912,
    "f1-score": 0.3120499757123861,
    "support": 1655.0
  }
}