{
  "Arriba": {
    "precision": 0.3131868131868132,
    "recall": 0.36774193548387096,
    "f1-score": 0.33827893175074186,
    "support": 310.0
  },
  "Abajo": {
    "precision": 0.24031007751937986,
    "recall": 0.30491803278688523,
    "f1-score": 0.26878612716763006,
    "support": 305.0
  },
  "Izquierda": {
    "precision": 0.30042918454935624,
    "recall": 0.2413793103448276,
    "f1-score": 0.2676864244741874,
    "support": 290.0
  },
  "Derecha": {
    "precision": 0.25316455696202533,
    "recall": 0.3333333333333333,
    "f1-score": 0.28776978417266186,
    "support": 300.0
  },
  "Adelante": {
    "precision": 0.2392857142857143,
    "recall": 0.23103448275862068,
    "f1-score": 0.23508771929824562,
    "support": 290.0
  },
  "Atras": {
    "precision": 0.23015873015873015,
    "recall": 0.1,
    "f1-score": 0.13942307692307693,
    "support": 290.0
  },
  "accuracy": 0.2649859943977591,
  "macro avg": {
    "precision": 0.26275584611033653,
    "recall": 0.26306784911792297,
    "f1-score": 0.25617201063109063,
    "support": 1785.0
  },
  "weighted avg": {
    "precision": 0.2630785463462928,
    "recall": 0.2649859943977591,
    "f1-score": 0.2573749954522989,
    "support": 1785.0
  }
}