{
  "vocales": {
    "n_folds": 24,
    "window_accuracies_mean": [
      0.33678978398228926,
      0.3607778658597114,
      0.3711481095126454,
      0.3705874026719161,
      0.3528452495588829,
      0.3133959101060913
    ],
    "window_accuracies_std": [
      0.01873942188222606,
      0.0194607352829126,
      0.022200616680523744,
      0.02477049245723963,
      0.026441370075075837,
      0.01969582780901876
    ],
    "window_accuracies_min": [
      0.3023758099352052,
      0.31768558951965065,
      0.331945889698231,
      0.29978586723768735,
      0.29637526652452023,
      0.2815845824411135
    ],
    "window_accuracies_max": [
      0.36941964285714285,
      0.39092872570194387,
      0.42006615214994486,
      0.4224318658280922,
      0.39933259176863184,
      0.3442265795206972
    ]
  },
  "comandos": {
    "n_folds": 24,
    "window_accuracies_mean": [
      0.2840217551205377,
      0.32861454809076523,
      0.33531343860423246,
      0.33261781733173856,
      0.3196919170253304,
      0.2849585265589416
    ],
    "window_accuracies_std": [
      0.019032097547122755,
      0.019242221682661802,
      0.01661069512522272,
      0.020516244775365407,
      0.014524963897230774,
      0.016921594640897354
    ],
    "window_accuracies_min": [
      0.2466725820763088,
      0.28188539741219965,
      0.30212014134275617,
      0.29326047358834245,
      0.2871287128712871,
      0.2422945205479452
    ],
    "window_accuracies_max": [
      0.3207373271889401,
      0.368705035971223,
      0.36123348017621143,
      0.3644148430066603,
      0.3419412288512912,
      0.31204379562043794
    ]
  }
}