{
  "train_losses": [
    1.9379329968647785,
    1.8213541478995818,
    1.8016841411590576,
    1.7781255489372345,
    1.7853531176785389,
    1.7638569309050778,
    1.735897232250995,
    1.7511517800480487,
    1.7251726905983615,
    1.7536242812512868,
    1.7135278489216264,
    1.6785965928112168,
    1.6922989279390819,
    1.6583281496921218,
    1.653261793665139,
    1.6057114270796258,
    1.6298934580331825,
    1.5781094668859459,
    1.5839501992765679,
    1.6128564527235836,
    1.581100606056581,
    1.5508571216859013,
    1.5435976292713578,
    1.5246762324528522,
    1.4752296984913837
  ],
  "val_losses": [
    1.8406754732131958,
    2.034370183944702,
    2.472886562347412,
    2.337254047393799,
    1.9928466081619263,
    1.8831385374069214,
    1.8654855489730835,
    1.8574868440628052,
    1.8312770128250122,
    1.8130569458007812,
    1.8194667100906372,
    1.8716154098510742,
    1.9048926830291748,
    1.915880799293518,
    2.0341594219207764,
    2.0215847492218018,
    1.9537855386734009,
    1.8555349111557007,
    1.924894094467163,
    1.923695683479309,
    1.9671844244003296,
    2.0452210903167725,
    2.086470365524292,
    2.1048033237457275,
    2.0881571769714355
  ],
  "val_accs": [
    0.18518518518518517,
    0.16666666666666666,
    0.18518518518518517,
    0.14814814814814814,
    0.14814814814814814,
    0.12962962962962962,
    0.07407407407407407,
    0.05555555555555555,
    0.12962962962962962,
    0.12962962962962962,
    0.12962962962962962,
    0.1111111111111111,
    0.09259259259259259,
    0.12962962962962962,
    0.1111111111111111,
    0.09259259259259259,
    0.16666666666666666,
    0.2777777777777778,
    0.12962962962962962,
    0.2037037037037037,
    0.18518518518518517,
    0.18518518518518517,
    0.2037037037037037,
    0.24074074074074073,
    0.12962962962962962
  ],
  "best_val_loss": 1.8130569458007812,
  "best_epoch": 10,
  "n_epochs_run": 25
}