{
  "seed": 50,
  "timestamp": "2025-09-29T13:24:16.518317Z",
  "acc_test": 0.2037037037037037,
  "report": {
    "0": {
      "precision": 0.26666666666666666,
      "recall": 0.4,
      "f1-score": 0.32,
      "support": 10.0
    },
    "1": {
      "precision": 0.2222222222222222,
      "recall": 0.4444444444444444,
      "f1-score": 0.2962962962962963,
      "support": 9.0
    },
    "2": {
      "precision": 0.4,
      "recall": 0.2222222222222222,
      "f1-score": 0.2857142857142857,
      "support": 9.0
    },
    "3": {
      "precision": 0.0625,
      "recall": 0.1111111111111111,
      "f1-score": 0.08,
      "support": 9.0
    },
    "4": {
      "precision": 0.0,
      "recall": 0.0,
      "f1-score": 0.0,
      "support": 8.0
    },
    "5": {
      "precision": 0.0,
      "recall": 0.0,
      "f1-score": 0.0,
      "support": 9.0
    },
    "accuracy": 0.2037037037037037,
    "macro avg": {
      "precision": 0.1585648148148148,
      "recall": 0.1962962962962963,
      "f1-score": 0.163668430335097,
      "support": 54.0
    },
    "weighted avg": {
      "precision": 0.16350308641975306,
      "recall": 0.2037037037037037,
      "f1-score": 0.16959435626102295,
      "support": 54.0
    }
  }
}