{
  "scaler": {
    "means": [
      -0.21189413964748383,
      16.924060821533203,
      792.9760131835938,
      21.7757511138916,
      -0.04009099304676056,
      3.671853542327881
    ],
    "stds": [
      7.259522914886475,
      13.797320365905762,
      1678.037841796875,
      17.854768753051758,
      0.548786461353302,
      1.7705532312393188
    ]
  },
  "n_train": 249,
  "n_val": 54,
  "n_test": 54
}