{
  "seed": 43,
  "timestamp": "2025-09-29T13:23:44.414769Z",
  "acc_test": 0.12,
  "report": {
    "0": {
      "precision": 0.0,
      "recall": 0.0,
      "f1-score": 0.0,
      "support": 11.0
    },
    "1": {
      "precision": 0.1,
      "recall": 0.2222222222222222,
      "f1-score": 0.13793103448275862,
      "support": 9.0
    },
    "2": {
      "precision": 0.5,
      "recall": 0.2,
      "f1-score": 0.2857142857142857,
      "support": 10.0
    },
    "3": {
      "precision": 0.1,
      "recall": 0.1,
      "f1-score": 0.1,
      "support": 10.0
    },
    "4": {
      "precision": 0.07692307692307693,
      "recall": 0.1,
      "f1-score": 0.08695652173913043,
      "support": 10.0
    },
    "accuracy": 0.12,
    "macro avg": {
      "precision": 0.15538461538461537,
      "recall": 0.12444444444444444,
      "f1-score": 0.12212036838723495,
      "support": 50.0
    },
    "weighted avg": {
      "precision": 0.1533846153846154,
      "recall": 0.12,
      "f1-score": 0.11936174769757978,
      "support": 50.0
    }
  }
}