{
  "train_losses": [
    1.6987845572558316,
    1.7108791849829934,
    1.640418822115118,
    1.6240556240081787,
    1.589683315970681,
    1.5776616551659324,
    1.5563221086155286,
    1.5851056250658901,
    1.531219113956798,
    1.5476636561480435,
    1.5103014490821145,
    1.5162837722084739,
    1.504254937171936,
    1.5198527791283347,
    1.4406179623170332,
    1.405702222477306,
    1.4499118544838645,
    1.3616388169201938,
    1.406857880679044,
    1.4202054197138005,
    1.3360116481781006,
    1.3835610909895464,
    1.2975437641143799,
    1.3506112857298418,
    1.250938285480846,
    1.3326686837456443,
    1.257486419244246,
    1.2312712994488804
  ],
  "val_losses": [
    1.977034091949463,
    3.184424638748169,
    2.0817148685455322,
    1.8795024156570435,
    1.7958884239196777,
    1.7130595445632935,
    1.6972652673721313,
    1.6872758865356445,
    1.681532621383667,
    1.6764570474624634,
    1.7033281326293945,
    1.6943048238754272,
    1.6700788736343384,
    1.6972870826721191,
    1.7642912864685059,
    1.7282922267913818,
    1.74350905418396,
    1.9238824844360352,
    1.849087119102478,
    1.7114193439483643,
    1.7729862928390503,
    1.955842137336731,
    1.8787202835083008,
    1.8986599445343018,
    1.9759668111801147,
    2.1502809524536133,
    2.4196577072143555,
    2.364732265472412
  ],
  "val_accs": [
    0.24,
    0.2,
    0.24,
    0.24,
    0.22,
    0.24,
    0.16,
    0.16,
    0.18,
    0.18,
    0.14,
    0.16,
    0.16,
    0.2,
    0.16,
    0.16,
    0.2,
    0.2,
    0.16,
    0.18,
    0.18,
    0.24,
    0.12,
    0.16,
    0.22,
    0.2,
    0.22,
    0.22
  ],
  "best_val_loss": 1.6700788736343384,
  "best_epoch": 13,
  "n_epochs_run": 28
}