{
  "scaler": {
    "means": [
      0.4171158969402313,
      16.09697914123535,
      707.9179077148438,
      20.68228530883789,
      -0.013967971317470074,
      3.690768003463745
    ],
    "stds": [
      7.033713340759277,
      12.831727981567383,
      1484.96484375,
      16.73801040649414,
      0.5556946992874146,
      1.8808940649032593
    ]
  },
  "n_train": 231,
  "n_val": 50,
  "n_test": 50
}