{
  "A": {
    "precision": 0.28901734104046245,
    "recall": 0.2857142857142857,
    "f1-score": 0.28735632183908044,
    "support": 350.0
  },
  "E": {
    "precision": 0.2709677419354839,
    "recall": 0.26666666666666666,
    "f1-score": 0.2688,
    "support": 315.0
  },
  "I": {
    "precision": 0.3473684210526316,
    "recall": 0.3940298507462687,
    "f1-score": 0.36923076923076925,
    "support": 335.0
  },
  "O": {
    "precision": 0.3282208588957055,
    "recall": 0.3242424242424242,
    "f1-score": 0.32621951219512196,
    "support": 330.0
  },
  "U": {
    "precision": 0.3242320819112628,
    "recall": 0.2923076923076923,
    "f1-score": 0.3074433656957929,
    "support": 325.0
  },
  "accuracy": 0.3129909365558912,
  "macro avg": {
    "precision": 0.3119612889671092,
    "recall": 0.31259218393546756,
    "f1-score": 0.3118099937921529,
    "support": 1655.0
  },
  "weighted avg": {
    "precision": 0.31212546174212336,
    "recall": 0.3129909365558912,
    "f1-score": 0.3120909687078603,
    "support": 1655.0
  }
}