{
  "Arriba": {
    "precision": 0.2717149220489978,
    "recall": 0.3935483870967742,
    "f1-score": 0.3214756258234519,
    "support": 310.0
  },
  "Abajo": {
    "precision": 0.2752808988764045,
    "recall": 0.32131147540983607,
    "f1-score": 0.29652042360060515,
    "support": 305.0
  },
  "Izquierda": {
    "precision": 0.35585585585585583,
    "recall": 0.27241379310344827,
    "f1-score": 0.30859375,
    "support": 290.0
  },
  "Derecha": {
    "precision": 0.2413793103448276,
    "recall": 0.28,
    "f1-score": 0.25925925925925924,
    "support": 300.0
  },
  "Adelante": {
    "precision": 0.31230283911671924,
    "recall": 0.3413793103448276,
    "f1-score": 0.3261943986820428,
    "support": 290.0
  },
  "Atras": {
    "precision": 0.26881720430107525,
    "recall": 0.08620689655172414,
    "f1-score": 0.13054830287206268,
    "support": 290.0
  },
  "accuracy": 0.28403361344537814,
  "macro avg": {
    "precision": 0.2875585050906467,
    "recall": 0.2824766437511017,
    "f1-score": 0.2737652933729036,
    "support": 1785.0
  },
  "weighted avg": {
    "precision": 0.287019105818095,
    "recall": 0.28403361344537814,
    "f1-score": 0.27440981620836025,
    "support": 1785.0
  }
}