{
  "vocales": {
    "n_folds": 24,
    "window_accuracies_mean": [
      0.30468283187496664,
      0.3638548470203378,
      0.3885856317295689,
      0.3843673855364446,
      0.36835055244235865,
      0.3390080093019571
    ],
    "window_accuracies_std": [
      0.01993430240803669,
      0.02309316855406097,
      0.020043884775766636,
      0.017450295366256356,
      0.022125086677400038,
      0.01859463522215438
    ],
    "window_accuracies_min": [
      0.26040554962646745,
      0.3173913043478261,
      0.35873015873015873,
      0.33752860411899316,
      0.32048458149779735,
      0.300768386388584
    ],
    "window_accuracies_max": [
      0.34143763213530653,
      0.4067796610169492,
      0.43783209351753455,
      0.42420937840785167,
      0.4160427807486631,
      0.3728448275862069
    ]
  },
  "comandos": {
    "n_folds": 24,
    "window_accuracies_mean": [
      0.2617071388990623,
      0.297030887202344,
      0.32181866189680775,
      0.33387707756344503,
      0.32009913768731074,
      0.288647887905122
    ],
    "window_accuracies_std": [
      0.01726841687677492,
      0.0186669064486854,
      0.018729807552574883,
      0.01819381619728191,
      0.017164217451787984,
      0.015485366862134265
    ],
    "window_accuracies_min": [
      0.22287145242070117,
      0.2608318890814558,
      0.2885085574572127,
      0.3016564952048823,
      0.28068669527896994,
      0.2636127917026793
    ],
    "window_accuracies_max": [
      0.28535564853556483,
      0.33024431339511373,
      0.35738539898132426,
      0.3644140290846878,
      0.3471001757469244,
      0.31442869057547956
    ]
  }
}