{
  "Arriba": {
    "precision": 0.2778904665314402,
    "recall": 0.44193548387096776,
    "f1-score": 0.3412204234122042,
    "support": 310.0
  },
  "Abajo": {
    "precision": 0.2314410480349345,
    "recall": 0.1737704918032787,
    "f1-score": 0.19850187265917604,
    "support": 305.0
  },
  "Izquierda": {
    "precision": 0.32,
    "recall": 0.16551724137931034,
    "f1-score": 0.21818181818181817,
    "support": 290.0
  },
  "Derecha": {
    "precision": 0.21982758620689655,
    "recall": 0.34,
    "f1-score": 0.2670157068062827,
    "support": 300.0
  },
  "Adelante": {
    "precision": 0.2339622641509434,
    "recall": 0.21379310344827587,
    "f1-score": 0.22342342342342342,
    "support": 290.0
  },
  "Atras": {
    "precision": 0.2391304347826087,
    "recall": 0.15172413793103448,
    "f1-score": 0.18565400843881857,
    "support": 290.0
  },
  "accuracy": 0.24985994397759104,
  "macro avg": {
    "precision": 0.2537086332844705,
    "recall": 0.24779007640547787,
    "f1-score": 0.2389995421536205,
    "support": 1785.0
  },
  "weighted avg": {
    "precision": 0.2536026458421292,
    "recall": 0.24985994397759104,
    "f1-score": 0.2399615109095206,
    "support": 1785.0
  }
}