{
  "A": {
    "precision": 0.3263473053892216,
    "recall": 0.31142857142857144,
    "f1-score": 0.31871345029239767,
    "support": 350.0
  },
  "E": {
    "precision": 0.297029702970297,
    "recall": 0.2857142857142857,
    "f1-score": 0.2912621359223301,
    "support": 315.0
  },
  "I": {
    "precision": 0.3380281690140845,
    "recall": 0.3582089552238806,
    "f1-score": 0.34782608695652173,
    "support": 335.0
  },
  "O": {
    "precision": 0.28059701492537314,
    "recall": 0.28484848484848485,
    "f1-score": 0.28270676691729324,
    "support": 330.0
  },
  "U": {
    "precision": 0.2865853658536585,
    "recall": 0.28923076923076924,
    "f1-score": 0.2879019908116386,
    "support": 325.0
  },
  "accuracy": 0.30634441087613296,
  "macro avg": {
    "precision": 0.30571751163052696,
    "recall": 0.30588621328919835,
    "f1-score": 0.3056820861800363,
    "support": 1655.0
  },
  "weighted avg": {
    "precision": 0.3062009720661037,
    "recall": 0.30634441087613296,
    "f1-score": 0.30615129887903153,
    "support": 1655.0
  }
}