{
  "vocales": {
    "n_folds": 24,
    "precision_mean": 0.33444213344749524,
    "precision_std": 0.014533090628510192,
    "recall_mean": 0.33117223764616016,
    "recall_std": 0.013374725441305397,
    "f1_mean": 0.32015957791503324,
    "f1_std": 0.015381480958853971
  },
  "comandos": {
    "n_folds": 24,
    "precision_mean": 0.3071432458206771,
    "precision_std": 0.01212851106607538,
    "recall_mean": 0.30207628309715423,
    "recall_std": 0.009761110084066759,
    "f1_mean": 0.28792871418540295,
    "f1_std": 0.01446367061555929
  }
}