{
  "vocales": {
    "n_folds": 24,
    "precision_mean": 0.3549685309841418,
    "precision_std": 0.01473367129258703,
    "recall_mean": 0.3508928571428571,
    "recall_std": 0.014989455619264654,
    "f1_mean": 0.343188599772229,
    "f1_std": 0.014797852653487467
  },
  "comandos": {
    "n_folds": 24,
    "precision_mean": 0.32216274174826837,
    "precision_std": 0.011402715761133029,
    "recall_mean": 0.3135077335858586,
    "recall_std": 0.008874706542740063,
    "f1_mean": 0.3029146144071542,
    "f1_std": 0.015232557113229407
  }
}