{
  "train_losses": [
    1.7625849463722922,
    1.6485136313871904,
    1.653785770589655,
    1.5833868005058982,
    1.601387078111822,
    1.5839282924478704,
    1.6236858476292004,
    1.5558742826635188,
    1.5444174571470781,
    1.5254153121601453,
    1.5178321166472002,
    1.4947185082869097,
    1.463971029628407,
    1.4364494518800215,
    1.4206538742238826,
    1.4809759638526223,
    1.4300916520032017,
    1.4165247678756714,
    1.4602477767250754,
    1.4155533530495383,
    1.3501126332716509,
    1.4367750666358254,
    1.3738481456583196,
    1.3199887492439963
  ],
  "val_losses": [
    1.7884613275527954,
    2.4884095191955566,
    1.9450749158859253,
    1.6685152053833008,
    1.6216590404510498,
    1.6461782455444336,
    1.6295071840286255,
    1.6221628189086914,
    1.6169723272323608,
    1.6320557594299316,
    1.6550029516220093,
    1.6715991497039795,
    1.6382519006729126,
    1.6312549114227295,
    1.6501957178115845,
    1.693676471710205,
    1.752724051475525,
    1.777777075767517,
    1.8042731285095215,
    1.7835348844528198,
    1.773163914680481,
    1.8632410764694214,
    1.7353025674819946,
    1.7702070474624634
  ],
  "val_accs": [
    0.16,
    0.2,
    0.22,
    0.16,
    0.18,
    0.26,
    0.24,
    0.26,
    0.26,
    0.24,
    0.22,
    0.24,
    0.16,
    0.18,
    0.24,
    0.28,
    0.18,
    0.16,
    0.16,
    0.3,
    0.26,
    0.24,
    0.18,
    0.24
  ],
  "best_val_loss": 1.6169723272323608,
  "best_epoch": 9,
  "n_epochs_run": 24
}