{
  "seed": 42,
  "timestamp": "2025-09-29T13:23:42.639612Z",
  "acc_test": 0.14,
  "report": {
    "0": {
      "precision": 0.11764705882352941,
      "recall": 0.18181818181818182,
      "f1-score": 0.14285714285714285,
      "support": 11.0
    },
    "1": {
      "precision": 0.0,
      "recall": 0.0,
      "f1-score": 0.0,
      "support": 9.0
    },
    "2": {
      "precision": 0.23076923076923078,
      "recall": 0.3,
      "f1-score": 0.2608695652173913,
      "support": 10.0
    },
    "3": {
      "precision": 0.125,
      "recall": 0.1,
      "f1-score": 0.1111111111111111,
      "support": 10.0
    },
    "4": {
      "precision": 0.1,
      "recall": 0.1,
      "f1-score": 0.1,
      "support": 10.0
    },
    "accuracy": 0.14,
    "macro avg": {
      "precision": 0.11468325791855202,
      "recall": 0.13636363636363635,
      "f1-score": 0.12296756383712906,
      "support": 50.0
    },
    "weighted avg": {
      "precision": 0.11703619909502264,
      "recall": 0.14,
      "f1-score": 0.12582470669427193,
      "support": 50.0
    }
  }
}