{
  "scaler": {
    "means": [
      0.4372968375682831,
      15.775383949279785,
      662.9456787109375,
      20.251571655273438,
      0.004820642992854118,
      3.6816132068634033
    ],
    "stds": [
      6.563029766082764,
      12.275029182434082,
      1271.6973876953125,
      15.900300979614258,
      0.563112199306488,
      1.8197044134140015
    ]
  },
  "n_train": 231,
  "n_val": 50,
  "n_test": 50
}