{
  "Arriba": {
    "precision": 0.29925187032418954,
    "recall": 0.3870967741935484,
    "f1-score": 0.33755274261603374,
    "support": 310.0
  },
  "Abajo": {
    "precision": 0.2318840579710145,
    "recall": 0.26229508196721313,
    "f1-score": 0.24615384615384617,
    "support": 305.0
  },
  "Izquierda": {
    "precision": 0.32222222222222224,
    "recall": 0.3,
    "f1-score": 0.3107142857142857,
    "support": 290.0
  },
  "Derecha": {
    "precision": 0.286231884057971,
    "recall": 0.2633333333333333,
    "f1-score": 0.2743055555555556,
    "support": 300.0
  },
  "Adelante": {
    "precision": 0.24598930481283424,
    "recall": 0.31724137931034485,
    "f1-score": 0.27710843373493976,
    "support": 290.0
  },
  "Atras": {
    "precision": 0.24369747899159663,
    "recall": 0.1,
    "f1-score": 0.14180929095354522,
    "support": 290.0
  },
  "accuracy": 0.27282913165266104,
  "macro avg": {
    "precision": 0.27154613639663805,
    "recall": 0.27166109480073997,
    "f1-score": 0.2646073591213676,
    "support": 1785.0
  },
  "weighted avg": {
    "precision": 0.2716055431074392,
    "recall": 0.27282913165266104,
    "f1-score": 0.2653239344377388,
    "support": 1785.0
  }
}