{
  "A": {
    "precision": 0.2200488997555012,
    "recall": 0.2571428571428571,
    "f1-score": 0.23715415019762845,
    "support": 350.0
  },
  "E": {
    "precision": 0.35507246376811596,
    "recall": 0.15555555555555556,
    "f1-score": 0.2163355408388521,
    "support": 315.0
  },
  "I": {
    "precision": 0.2891832229580574,
    "recall": 0.39104477611940297,
    "f1-score": 0.33248730964467005,
    "support": 335.0
  },
  "O": {
    "precision": 0.27472527472527475,
    "recall": 0.30303030303030304,
    "f1-score": 0.2881844380403458,
    "support": 330.0
  },
  "U": {
    "precision": 0.2920962199312715,
    "recall": 0.26153846153846155,
    "f1-score": 0.275974025974026,
    "support": 325.0
  },
  "accuracy": 0.27492447129909364,
  "macro avg": {
    "precision": 0.28622521622764413,
    "recall": 0.273662390677316,
    "f1-score": 0.2700270929391045,
    "support": 1655.0
  },
  "weighted avg": {
    "precision": 0.28479270865820855,
    "recall": 0.27492447129909364,
    "f1-score": 0.27028720221102437,
    "support": 1655.0
  }
}