{
  "train_losses": [
    1.6180849531536632,
    1.6098242368860758,
    1.6086907287532088,
    1.6066001665356882,
    1.6064213799264937,
    1.6042375465007346,
    1.6019214453978299,
    1.60197562585185,
    1.600411910490172,
    1.6005482802506947,
    1.5995163825177114,
    1.5997849149609213,
    1.5995999710886721,
    1.598475423181907,
    1.5952955324153253,
    1.5968750710613506,
    1.59547017178344,
    1.593072438249656,
    1.5952080527263728,
    1.5940663355924274,
    1.5955172347849578,
    1.5921485064028733,
    1.59374088003313,
    1.593108606255261,
    1.595243503875471,
    1.592407334646443,
    1.5891928801172226,
    1.5904954347223728,
    1.5906978958290472,
    1.5905022266104154,
    1.5894253714958324,
    1.5892669669698514,
    1.5870110154135908,
    1.5897684278817277,
    1.5883251420920432,
    1.5880993334930407,
    1.5847548494182755,
    1.5881037571389547,
    1.5848298590023502,
    1.5845790015653873,
    1.5861995803664735,
    1.5830176041496669,
    1.5824874201060397,
    1.5827862400327959,
    1.5833654735205844,
    1.5827685254715393,
    1.58341432171603,
    1.5832571509669768,
    1.5825585309524608,
    1.5825333229980325,
    1.5800476679149467,
    1.5807861506706822,
    1.5829539543448703,
    1.5832008049922517,
    1.580185159910793,
    1.582100127757244,
    1.579111664058603,
    1.5796858653520216,
    1.5793820374185197,
    1.5784804177665224,
    1.5783185916601996,
    1.5796825240662677,
    1.5825578173775312,
    1.5782504102375998,
    1.5790125228293521
  ],
  "val_losses": [
    1.6055104484880605,
    1.6050163317417754,
    1.6033535038215527,
    1.6023872866146807,
    1.6019688671913699,
    1.6009522227273472,
    1.599850096564362,
    1.599583659770984,
    1.5984685789559774,
    1.5973961957986804,
    1.5971847110324435,
    1.5967704282290693,
    1.5963741149303419,
    1.596177821574004,
    1.5951737608886571,
    1.59448180106527,
    1.5941962015225692,
    1.593820707809522,
    1.5932415838978717,
    1.593585653581481,
    1.5929735012100514,
    1.592674980416966,
    1.591678720165566,
    1.5906414582533537,
    1.5910832426974162,
    1.5905408104836654,
    1.5894629534891838,
    1.5886229743128237,
    1.5880387992674603,
    1.5873414393208454,
    1.58650513317274,
    1.5862720473377026,
    1.5868457129612061,
    1.5864337993704754,
    1.5855854715126148,
    1.5848758479823237,
    1.5846902299042485,
    1.5849041005839473,
    1.5845608884009763,
    1.5843866320623867,
    1.5831186431617552,
    1.5830697990270053,
    1.5829838076651384,
    1.582793368809465,
    1.5824160524036572,
    1.581710367962934,
    1.5812000352979283,
    1.581334304118502,
    1.5819787236227505,
    1.5819013032360354,
    1.5825489511812367,
    1.5818196350825582,
    1.5816747952198638,
    1.5807241777291046,
    1.5799688446348992,
    1.5804792752012538,
    1.5804935947132572,
    1.5804985427626088,
    1.5800534072129622,
    1.5805659835465289,
    1.5802796641409684,
    1.5802274815702209,
    1.580662665159806,
    1.5810007657405836,
    1.5803347918146475
  ],
  "val_accs": [
    0.21014492753623187,
    0.2246376811594203,
    0.22342995169082125,
    0.24879227053140096,
    0.23550724637681159,
    0.23550724637681159,
    0.22946859903381642,
    0.2318840579710145,
    0.23792270531400966,
    0.24033816425120774,
    0.2318840579710145,
    0.23067632850241546,
    0.2463768115942029,
    0.2608695652173913,
    0.24154589371980675,
    0.2391304347826087,
    0.22826086956521738,
    0.2391304347826087,
    0.22826086956521738,
    0.2427536231884058,
    0.23671497584541062,
    0.23309178743961353,
    0.23429951690821257,
    0.24879227053140096,
    0.24758454106280192,
    0.24396135265700483,
    0.24516908212560387,
    0.25483091787439616,
    0.2560386473429952,
    0.25,
    0.25120772946859904,
    0.2584541062801932,
    0.2536231884057971,
    0.24879227053140096,
    0.2524154589371981,
    0.2536231884057971,
    0.2632850241545894,
    0.26207729468599034,
    0.26207729468599034,
    0.2536231884057971,
    0.2584541062801932,
    0.25483091787439616,
    0.2536231884057971,
    0.24758454106280192,
    0.24516908212560387,
    0.2463768115942029,
    0.25483091787439616,
    0.2584541062801932,
    0.2572463768115942,
    0.24758454106280192,
    0.24516908212560387,
    0.24758454106280192,
    0.25,
    0.25,
    0.2608695652173913,
    0.2608695652173913,
    0.25483091787439616,
    0.25966183574879226,
    0.2584541062801932,
    0.26207729468599034,
    0.25120772946859904,
    0.2536231884057971,
    0.24879227053140096,
    0.25,
    0.2572463768115942
  ],
  "best_val_loss": 1.5799688446348992,
  "best_epoch": 55,
  "n_epochs_run": 65
}