{
  "train_losses": [
    1.71828200600364,
    1.6999865987084128,
    1.613507097417658,
    1.623606194149364,
    1.6135398908094927,
    1.6090980551459573,
    1.5600821646777066,
    1.5606894059614702,
    1.5327191027727993,
    1.5408411459489302,
    1.4966136542233555,
    1.5233106504787097,
    1.5317028110677546,
    1.535043022849343,
    1.4662398425015537,
    1.4911069869995117,
    1.4432721679860896,
    1.4591254104267468,
    1.4607394391840154,
    1.3919641104611484,
    1.350870425050909,
    1.4200969500975176,
    1.3310986215418035,
    1.4269891435449773,
    1.3908522345803,
    1.2886975353414363,
    1.3864799521186135,
    1.3465211174704812,
    1.2887448072433472
  ],
  "val_losses": [
    2.55802845954895,
    2.336426019668579,
    1.9437075853347778,
    1.8469887971878052,
    1.660536766052246,
    1.619511365890503,
    1.5970442295074463,
    1.587607741355896,
    1.5845553874969482,
    1.6066354513168335,
    1.6157680749893188,
    1.6195122003555298,
    1.5886785984039307,
    1.5630885362625122,
    1.566940188407898,
    1.5968577861785889,
    1.6074305772781372,
    1.6169445514678955,
    1.6363481283187866,
    1.700992465019226,
    1.6660070419311523,
    1.6637539863586426,
    1.8254896402359009,
    1.8158718347549438,
    1.7888771295547485,
    1.8805747032165527,
    1.896939992904663,
    1.9285264015197754,
    2.1131327152252197
  ],
  "val_accs": [
    0.2,
    0.2,
    0.24,
    0.28,
    0.2,
    0.26,
    0.3,
    0.28,
    0.26,
    0.24,
    0.28,
    0.22,
    0.2,
    0.18,
    0.22,
    0.26,
    0.18,
    0.18,
    0.16,
    0.26,
    0.26,
    0.12,
    0.18,
    0.18,
    0.22,
    0.2,
    0.2,
    0.26,
    0.24
  ],
  "best_val_loss": 1.5630885362625122,
  "best_epoch": 14,
  "n_epochs_run": 29
}