{
  "scaler": {
    "means": [
      0.2956395745277405,
      16.0338191986084,
      698.380126953125,
      20.580453872680664,
      -0.014275276102125645,
      3.6799769401550293
    ],
    "stds": [
      7.280539512634277,
      12.73025131225586,
      1531.1365966796875,
      16.577848434448242,
      0.5506754517555237,
      1.8614778518676758
    ]
  },
  "n_train": 231,
  "n_val": 50,
  "n_test": 50
}