{
  "vocales": {
    "n_folds": 24,
    "precision_mean": 0.37454803416454646,
    "precision_std": 0.01204237134000506,
    "recall_mean": 0.36533015368881977,
    "recall_std": 0.010125927743528627,
    "f1_mean": 0.3576921007381469,
    "f1_std": 0.013021028519571416
  },
  "comandos": {
    "n_folds": 24,
    "precision_mean": 0.3071069241231119,
    "precision_std": 0.012666689355150544,
    "recall_mean": 0.3023966025291572,
    "recall_std": 0.010458009127972406,
    "f1_mean": 0.2956973500824953,
    "f1_std": 0.0106473594608156
  }
}