{
  "Arriba": {
    "precision": 0.2975,
    "recall": 0.38387096774193546,
    "f1-score": 0.3352112676056338,
    "support": 310.0
  },
  "Abajo": {
    "precision": 0.23121387283236994,
    "recall": 0.26229508196721313,
    "f1-score": 0.2457757296466974,
    "support": 305.0
  },
  "Izquierda": {
    "precision": 0.32222222222222224,
    "recall": 0.3,
    "f1-score": 0.3107142857142857,
    "support": 290.0
  },
  "Derecha": {
    "precision": 0.286231884057971,
    "recall": 0.2633333333333333,
    "f1-score": 0.2743055555555556,
    "support": 300.0
  },
  "Adelante": {
    "precision": 0.24598930481283424,
    "recall": 0.31724137931034485,
    "f1-score": 0.27710843373493976,
    "support": 290.0
  },
  "Atras": {
    "precision": 0.24369747899159663,
    "recall": 0.1,
    "f1-score": 0.14180929095354522,
    "support": 290.0
  },
  "accuracy": 0.2722689075630252,
  "macro avg": {
    "precision": 0.2711424604861657,
    "recall": 0.2711234603921378,
    "f1-score": 0.26415409386844285,
    "support": 1785.0
  },
  "weighted avg": {
    "precision": 0.27118678329355383,
    "recall": 0.2722689075630252,
    "f1-score": 0.2648526835761677,
    "support": 1785.0
  }
}