{
  "train_losses": [
    1.7423760023984043,
    1.7063951817425815,
    1.6341553059491245,
    1.6037961461327293,
    1.6303058537569912,
    1.558838345787742,
    1.5692106593738904,
    1.5868884216655383,
    1.5360006310723044,
    1.542996417392384,
    1.5329203063791448,
    1.5430462468754162,
    1.5113807049664585,
    1.5253568345850164,
    1.5087310942736538,
    1.4776158116080544,
    1.4870994958010586,
    1.422031283378601,
    1.3939499313181096,
    1.494092735377225,
    1.3729534474286167,
    1.3749359304254705,
    1.3250708254900845,
    1.2756918668746948,
    1.3394500342282383,
    1.2346283305775037
  ],
  "val_losses": [
    1.7279690504074097,
    3.228761911392212,
    3.1206884384155273,
    2.6666436195373535,
    1.8801772594451904,
    1.7062509059906006,
    1.6958345174789429,
    1.679091453552246,
    1.6637905836105347,
    1.6515815258026123,
    1.6464024782180786,
    1.6651626825332642,
    1.7079664468765259,
    1.7188040018081665,
    1.6951954364776611,
    1.7087680101394653,
    1.777937412261963,
    1.8349788188934326,
    1.9059326648712158,
    1.9285168647766113,
    2.010098457336426,
    2.00650954246521,
    2.103616714477539,
    2.1042721271514893,
    2.4048874378204346,
    2.4928431510925293
  ],
  "val_accs": [
    0.16,
    0.24,
    0.24,
    0.22,
    0.18,
    0.12,
    0.2,
    0.16,
    0.2,
    0.26,
    0.22,
    0.22,
    0.2,
    0.2,
    0.2,
    0.18,
    0.12,
    0.12,
    0.12,
    0.14,
    0.06,
    0.1,
    0.12,
    0.14,
    0.22,
    0.2
  ],
  "best_val_loss": 1.6464024782180786,
  "best_epoch": 11,
  "n_epochs_run": 26
}