{
  "A": {
    "precision": 0.2810304449648712,
    "recall": 0.34285714285714286,
    "f1-score": 0.3088803088803089,
    "support": 350.0
  },
  "E": {
    "precision": 0.3130434782608696,
    "recall": 0.11428571428571428,
    "f1-score": 0.16744186046511628,
    "support": 315.0
  },
  "I": {
    "precision": 0.3089622641509434,
    "recall": 0.39104477611940297,
    "f1-score": 0.3451910408432148,
    "support": 335.0
  },
  "O": {
    "precision": 0.28978622327790976,
    "recall": 0.3696969696969697,
    "f1-score": 0.3249001331557923,
    "support": 330.0
  },
  "U": {
    "precision": 0.30223880597014924,
    "recall": 0.24923076923076923,
    "f1-score": 0.27318718381112983,
    "support": 325.0
  },
  "accuracy": 0.29607250755287007,
  "macro avg": {
    "precision": 0.29901224332494863,
    "recall": 0.2934230744379998,
    "f1-score": 0.28392010543111246,
    "support": 1655.0
  },
  "weighted avg": {
    "precision": 0.29868808187459434,
    "recall": 0.29607250755287007,
    "f1-score": 0.2854949676840637,
    "support": 1655.0
  }
}