{
  "A": {
    "precision": 0.287598944591029,
    "recall": 0.31142857142857144,
    "f1-score": 0.299039780521262,
    "support": 350.0
  },
  "E": {
    "precision": 0.2413793103448276,
    "recall": 0.13333333333333333,
    "f1-score": 0.17177914110429449,
    "support": 315.0
  },
  "I": {
    "precision": 0.2515592515592516,
    "recall": 0.3611940298507463,
    "f1-score": 0.2965686274509804,
    "support": 335.0
  },
  "O": {
    "precision": 0.30434782608695654,
    "recall": 0.2545454545454545,
    "f1-score": 0.27722772277227725,
    "support": 330.0
  },
  "U": {
    "precision": 0.32463768115942027,
    "recall": 0.3446153846153846,
    "f1-score": 0.33432835820895523,
    "support": 325.0
  },
  "accuracy": 0.2827794561933535,
  "macro avg": {
    "precision": 0.281904602748297,
    "recall": 0.28102335475469803,
    "f1-score": 0.2757887260115539,
    "support": 1655.0
  },
  "weighted avg": {
    "precision": 0.28211993451561174,
    "recall": 0.2827794561933535,
    "f1-score": 0.2768983128453987,
    "support": 1655.0
  }
}