{
  "train_losses": [
    1.9259805751134114,
    1.877639961529927,
    1.8121323125908173,
    1.7636394242206253,
    1.7610164521688438,
    1.773485730929547,
    1.7435374949351852,
    1.7614521003631225,
    1.7472344292215554,
    1.7547928224126976,
    1.7232390800154354,
    1.6710015377366398,
    1.6847907477114574,
    1.6738648744950813,
    1.6601311097662133,
    1.7039175981498627,
    1.6329150989831211,
    1.5869310534144023,
    1.598467259521944,
    1.6582281891121922,
    1.648450229541365,
    1.5404528939580342,
    1.5490424087248653,
    1.531062419155994,
    1.590889521391995,
    1.5094174376453262
  ],
  "val_losses": [
    2.1120615005493164,
    2.6335926055908203,
    2.249201536178589,
    2.025599241256714,
    1.937148094177246,
    1.8319883346557617,
    1.8196302652359009,
    1.8166056871414185,
    1.8096625804901123,
    1.8153326511383057,
    1.807523488998413,
    1.8128881454467773,
    1.830237865447998,
    1.8325409889221191,
    1.8330434560775757,
    1.8345061540603638,
    1.8482743501663208,
    1.9756484031677246,
    2.0818169116973877,
    2.0456061363220215,
    2.0430867671966553,
    2.070065975189209,
    2.194941997528076,
    2.1155383586883545,
    1.9627646207809448,
    1.9748376607894897
  ],
  "val_accs": [
    0.18518518518518517,
    0.14814814814814814,
    0.16666666666666666,
    0.16666666666666666,
    0.09259259259259259,
    0.14814814814814814,
    0.16666666666666666,
    0.2222222222222222,
    0.2037037037037037,
    0.16666666666666666,
    0.18518518518518517,
    0.2037037037037037,
    0.12962962962962962,
    0.18518518518518517,
    0.14814814814814814,
    0.16666666666666666,
    0.16666666666666666,
    0.1111111111111111,
    0.16666666666666666,
    0.14814814814814814,
    0.12962962962962962,
    0.14814814814814814,
    0.12962962962962962,
    0.09259259259259259,
    0.12962962962962962,
    0.18518518518518517
  ],
  "best_val_loss": 1.807523488998413,
  "best_epoch": 11,
  "n_epochs_run": 26
}