{
  "scaler": {
    "means": [
      -0.3434430658817291,
      16.93747329711914,
      794.8072509765625,
      21.782432556152344,
      -0.03480759635567665,
      3.66978120803833
    ],
    "stds": [
      7.2217206954956055,
      13.813706398010254,
      1687.591796875,
      17.897846221923828,
      0.5288791060447693,
      1.8785470724105835
    ]
  },
  "n_train": 249,
  "n_val": 54,
  "n_test": 54
}