{
  "vocales": {
    "n_folds": 24,
    "precision_mean": 0.3730907223395063,
    "precision_std": 0.01716834525808162,
    "recall_mean": 0.35043284062428803,
    "recall_std": 0.009969692483360236,
    "f1_mean": 0.3327636705160191,
    "f1_std": 0.013285858598171276
  },
  "comandos": {
    "n_folds": 24,
    "precision_mean": 0.31061934552513637,
    "precision_std": 0.013004187035605597,
    "recall_mean": 0.3062393707277768,
    "recall_std": 0.009859439399090956,
    "f1_mean": 0.2929654553897288,
    "f1_std": 0.012787158597103325
  }
}