{
  "train_losses": [
    1.7029361724853516,
    1.6938506256450305,
    1.6701592748815364,
    1.613104841925881,
    1.6027723659168591,
    1.6078106056560169,
    1.5632396177812056,
    1.5703156319531528,
    1.5442563186992297,
    1.5322203852913596,
    1.5394260558215054,
    1.53257464278828,
    1.493039152838967,
    1.4771725372834639,
    1.4914883700284092,
    1.5467264435508035,
    1.4202885844490745,
    1.4550205144015225,
    1.4740359674800525,
    1.4470714764161543,
    1.4708341576836326,
    1.4139722477306018,
    1.3709112405776978
  ],
  "val_losses": [
    2.0903356075286865,
    2.2695817947387695,
    1.8478190898895264,
    1.734248399734497,
    1.7047826051712036,
    1.6446233987808228,
    1.6091225147247314,
    1.601206660270691,
    1.6038801670074463,
    1.607370138168335,
    1.620171070098877,
    1.6100990772247314,
    1.6202255487442017,
    1.6154794692993164,
    1.6291862726211548,
    1.6244996786117554,
    1.6187673807144165,
    1.6812595129013062,
    1.6277830600738525,
    1.6513044834136963,
    1.6763699054718018,
    1.6884475946426392,
    1.6864641904830933
  ],
  "val_accs": [
    0.2,
    0.14,
    0.18,
    0.14,
    0.14,
    0.16,
    0.1,
    0.22,
    0.2,
    0.22,
    0.2,
    0.16,
    0.22,
    0.28,
    0.26,
    0.2,
    0.2,
    0.24,
    0.36,
    0.24,
    0.26,
    0.18,
    0.22
  ],
  "best_val_loss": 1.601206660270691,
  "best_epoch": 8,
  "n_epochs_run": 23
}