{
  "task": "vowels",
  "n_runs": 10,
  "acc_mean": 0.172,
  "acc_std": 0.036,
  "runs": [
    {
      "seed": 42,
      "acc": 0.14,
      "report": {
        "0": {
          "precision": 0.11764705882352941,
          "recall": 0.18181818181818182,
          "f1-score": 0.14285714285714285,
          "support": 11.0
        },
        "1": {
          "precision": 0.0,
          "recall": 0.0,
          "f1-score": 0.0,
          "support": 9.0
        },
        "2": {
          "precision": 0.23076923076923078,
          "recall": 0.3,
          "f1-score": 0.2608695652173913,
          "support": 10.0
        },
        "3": {
          "precision": 0.125,
          "recall": 0.1,
          "f1-score": 0.1111111111111111,
          "support": 10.0
        },
        "4": {
          "precision": 0.1,
          "recall": 0.1,
          "f1-score": 0.1,
          "support": 10.0
        },
        "accuracy": 0.14,
        "macro avg": {
          "precision": 0.11468325791855202,
          "recall": 0.13636363636363635,
          "f1-score": 0.12296756383712906,
          "support": 50.0
        },
        "weighted avg": {
          "precision": 0.11703619909502264,
          "recall": 0.14,
          "f1-score": 0.12582470669427193,
          "support": 50.0
        }
      }
    },
    {
      "seed": 43,
      "acc": 0.12,
      "report": {
        "0": {
          "precision": 0.0,
          "recall": 0.0,
          "f1-score": 0.0,
          "support": 11.0
        },
        "1": {
          "precision": 0.1,
          "recall": 0.2222222222222222,
          "f1-score": 0.13793103448275862,
          "support": 9.0
        },
        "2": {
          "precision": 0.5,
          "recall": 0.2,
          "f1-score": 0.2857142857142857,
          "support": 10.0
        },
        "3": {
          "precision": 0.1,
          "recall": 0.1,
          "f1-score": 0.1,
          "support": 10.0
        },
        "4": {
          "precision": 0.07692307692307693,
          "recall": 0.1,
          "f1-score": 0.08695652173913043,
          "support": 10.0
        },
        "accuracy": 0.12,
        "macro avg": {
          "precision": 0.15538461538461537,
          "recall": 0.12444444444444444,
          "f1-score": 0.12212036838723495,
          "support": 50.0
        },
        "weighted avg": {
          "precision": 0.1533846153846154,
          "recall": 0.12,
          "f1-score": 0.11936174769757978,
          "support": 50.0
        }
      }
    },
    {
      "seed": 44,
      "acc": 0.18,
      "report": {
        "0": {
          "precision": 0.23076923076923078,
          "recall": 0.2727272727272727,
          "f1-score": 0.25,
          "support": 11.0
        },
        "1": {
          "precision": 0.2,
          "recall": 0.5555555555555556,
          "f1-score": 0.29411764705882354,
          "support": 9.0
        },
        "2": {
          "precision": 0.0,
          "recall": 0.0,
          "f1-score": 0.0,
          "support": 10.0
        },
        "3": {
          "precision": 0.0,
          "recall": 0.0,
          "f1-score": 0.0,
          "support": 10.0
        },
        "4": {
          "precision": 0.16666666666666666,
          "recall": 0.1,
          "f1-score": 0.125,
          "support": 10.0
        },
        "accuracy": 0.18,
        "macro avg": {
          "precision": 0.11948717948717949,
          "recall": 0.18565656565656566,
          "f1-score": 0.13382352941176473,
          "support": 50.0
        },
        "weighted avg": {
          "precision": 0.1201025641025641,
          "recall": 0.18,
          "f1-score": 0.13294117647058823,
          "support": 50.0
        }
      }
    },
    {
      "seed": 45,
      "acc": 0.16,
      "report": {
        "0": {
          "precision": 0.3333333333333333,
          "recall": 0.2,
          "f1-score": 0.25,
          "support": 10.0
        },
        "1": {
          "precision": 0.3333333333333333,
          "recall": 0.1,
          "f1-score": 0.15384615384615385,
          "support": 10.0
        },
        "2": {
          "precision": 0.07142857142857142,
          "recall": 0.1,
          "f1-score": 0.08333333333333333,
          "support": 10.0
        },
        "3": {
          "precision": 0.16,
          "recall": 0.4,
          "f1-score": 0.22857142857142856,
          "support": 10.0
        },
        "4": {
          "precision": 0.0,
          "recall": 0.0,
          "f1-score": 0.0,
          "support": 10.0
        },
        "accuracy": 0.16,
        "macro avg": {
          "precision": 0.17961904761904762,
          "recall": 0.16,
          "f1-score": 0.14315018315018316,
          "support": 50.0
        },
        "weighted avg": {
          "precision": 0.17961904761904762,
          "recall": 0.16,
          "f1-score": 0.14315018315018313,
          "support": 50.0
        }
      }
    },
    {
      "seed": 46,
      "acc": 0.24,
      "report": {
        "0": {
          "precision": 0.18181818181818182,
          "recall": 0.2,
          "f1-score": 0.19047619047619047,
          "support": 10.0
        },
        "1": {
          "precision": 0.1875,
          "recall": 0.3,
          "f1-score": 0.23076923076923078,
          "support": 10.0
        },
        "2": {
          "precision": 0.5,
          "recall": 0.3,
          "f1-score": 0.375,
          "support": 10.0
        },
        "3": {
          "precision": 0.0,
          "recall": 0.0,
          "f1-score": 0.0,
          "support": 10.0
        },
        "4": {
          "precision": 0.2857142857142857,
          "recall": 0.4,
          "f1-score": 0.3333333333333333,
          "support": 10.0
        },
        "accuracy": 0.24,
        "macro avg": {
          "precision": 0.23100649350649355,
          "recall": 0.24000000000000005,
          "f1-score": 0.22591575091575092,
          "support": 50.0
        },
        "weighted avg": {
          "precision": 0.2310064935064935,
          "recall": 0.24,
          "f1-score": 0.22591575091575092,
          "support": 50.0
        }
      }
    },
    {
      "seed": 47,
      "acc": 0.16,
      "report": {
        "0": {
          "precision": 0.08333333333333333,
          "recall": 0.1,
          "f1-score": 0.09090909090909091,
          "support": 10.0
        },
        "1": {
          "precision": 0.0,
          "recall": 0.0,
          "f1-score": 0.0,
          "support": 10.0
        },
        "2": {
          "precision": 0.0,
          "recall": 0.0,
          "f1-score": 0.0,
          "support": 10.0
        },
        "3": {
          "precision": 0.25,
          "recall": 0.3,
          "f1-score": 0.2727272727272727,
          "support": 10.0
        },
        "4": {
          "precision": 0.16666666666666666,
          "recall": 0.4,
          "f1-score": 0.23529411764705882,
          "support": 10.0
        },
        "accuracy": 0.16,
        "macro avg": {
          "precision": 0.1,
          "recall": 0.16,
          "f1-score": 0.11978609625668449,
          "support": 50.0
        },
        "weighted avg": {
          "precision": 0.1,
          "recall": 0.16,
          "f1-score": 0.11978609625668449,
          "support": 50.0
        }
      }
    },
    {
      "seed": 48,
      "acc": 0.14,
      "report": {
        "0": {
          "precision": 0.0,
          "recall": 0.0,
          "f1-score": 0.0,
          "support": 11.0
        },
        "1": {
          "precision": 0.0,
          "recall": 0.0,
          "f1-score": 0.0,
          "support": 9.0
        },
        "2": {
          "precision": 0.19230769230769232,
          "recall": 0.5,
          "f1-score": 0.2777777777777778,
          "support": 10.0
        },
        "3": {
          "precision": 0.09090909090909091,
          "recall": 0.1,
          "f1-score": 0.09523809523809523,
          "support": 10.0
        },
        "4": {
          "precision": 0.09090909090909091,