{
  "vocales": {
    "n_folds": 24,
    "window_accuracies_mean": [
      0.31929677767231407,
      0.3705285496610738,
      0.37485855823133024,
      0.3698093279426202,
      0.362045133931566,
      0.3132683358719699
    ],
    "window_accuracies_std": [
      0.022296775313664436,
      0.022581806002115692,
      0.021077451312459396,
      0.025015365496585045,
      0.017608211224745252,
      0.017318897018964354
    ],
    "window_accuracies_min": [
      0.26811594202898553,
      0.3304535637149028,
      0.31305309734513276,
      0.3183673469387755,
      0.328141225337487,
      0.28336755646817247
    ],
    "window_accuracies_max": [
      0.3614583333333333,
      0.4135737009544008,
      0.40216216216216216,
      0.42244224422442245,
      0.3912568306010929,
      0.3484358144552319
    ]
  },
  "comandos": {
    "n_folds": 24,
    "window_accuracies_mean": [
      0.2618315467961713,
      0.3015525296793509,
      0.33127901527437925,
      0.3280315846185144,
      0.31828554904798806,
      0.2879129907458618
    ],
    "window_accuracies_std": [
      0.016458441030329923,
      0.018622490854512844,
      0.022816557100340418,
      0.0209621549046019,
      0.011421364509658782,
      0.018063962092429796
    ],
    "window_accuracies_min": [
      0.23534269199009084,
      0.26255506607929513,
      0.28498293515358364,
      0.28609625668449196,
      0.2978187919463087,
      0.2578456318914334
    ],
    "window_accuracies_max": [
      0.29152542372881357,
      0.3356521739130435,
      0.3781094527363184,
      0.3673640167364017,
      0.343804537521815,
      0.3221936589545844
    ]
  }
}