{
  "vocales": {
    "n_folds": 24,
    "window_accuracies_mean": [
      0.34024920447093066,
      0.3781566479760985,
      0.4010977739328481,
      0.37972212290858515,
      0.35654178719290597,
      0.3171441702386794
    ],
    "window_accuracies_std": [
      0.024309343773125845,
      0.0231392726987525,
      0.01619459896220859,
      0.024804411814804413,
      0.023359703757575997,
      0.021745500795892894
    ],
    "window_accuracies_min": [
      0.28663793103448276,
      0.33914053426248547,
      0.3678290213723285,
      0.33518312985571586,
      0.3042505592841163,
      0.278814489571899
    ],
    "window_accuracies_max": [
      0.38513513513513514,
      0.42602892102335926,
      0.42920353982300885,
      0.42105263157894735,
      0.39858490566037735,
      0.3523489932885906
    ]
  },
  "comandos": {
    "n_folds": 24,
    "window_accuracies_mean": [
      0.2549616445366491,
      0.2973058729570564,
      0.33428974110368004,
      0.3326141460359255,
      0.311958210980309,
      0.27405222718782624
    ],
    "window_accuracies_std": [
      0.021213333350043665,
      0.019834094798673218,
      0.021698979967081415,
      0.01730657520115771,
      0.01622779495071381,
      0.02245608066433573
    ],
    "window_accuracies_min": [
      0.21016365202411713,
      0.26102292768959434,
      0.2937443336355394,
      0.2924613987284287,
      0.2828014184397163,
      0.2204585537918871
    ],
    "window_accuracies_max": [
      0.290846877673225,
      0.3377659574468085,
      0.3720316622691293,
      0.36813681368136814,
      0.3472840605520926,
      0.31408573928258965
    ]
  }
}