{
  "train_losses": [
    1.705125862901861,
    1.787793668833646,
    1.6757896596735173,
    1.6116596135226162,
    1.5760175531560725,
    1.5873498266393489,
    1.5950658971613103,
    1.6099111275239424,
    1.6050456437197598,
    1.5630267316644841,
    1.5650656548413364,
    1.5462237271395596,
    1.5578443245454268,
    1.5112717801874334,
    1.5087513490156694,
    1.5021552822806619,
    1.5412185300480237,
    1.4800444082780317,
    1.499088710004633,
    1.4654754291881213,
    1.443751042539423,
    1.45122369852933,
    1.5285806330767544,
    1.4661606008356267,
    1.4654142964969983,
    1.4247586510398171,
    1.4090370698408647,
    1.4282098791816018,
    1.4274244416843762,
    1.4478341991251165,
    1.3770888718691738,
    1.3479012684388594,
    1.359719612381675,
    1.3111213662407615,
    1.4174469275908037,
    1.293236331506209,
    1.3292786316438154,
    1.2538686882365833,
    1.231868863105774,
    1.2776599797335537,
    1.2790390144694934
  ],
  "val_losses": [
    1.8458056449890137,
    1.8618143796920776,
    1.9173961877822876,
    1.8527331352233887,
    1.7178958654403687,
    1.6862711906433105,
    1.6581043004989624,
    1.6487873792648315,
    1.6643933057785034,
    1.657346487045288,
    1.6493310928344727,
    1.6482577323913574,
    1.658750295639038,
    1.694830060005188,
    1.7102164030075073,
    1.7029162645339966,
    1.7265571355819702,
    1.8404353857040405,
    1.741012692451477,
    1.6799139976501465,
    1.6684826612472534,
    1.7007718086242676,
    1.7293928861618042,
    1.6747452020645142,
    1.6494548320770264,
    1.6321057081222534,
    1.7584664821624756,
    1.7971606254577637,
    1.9006986618041992,
    1.9228601455688477,
    1.811776876449585,
    1.8908324241638184,
    1.8724398612976074,
    1.8097339868545532,
    1.7879860401153564,
    1.8682631254196167,
    1.8054375648498535,
    1.7898685932159424,
    1.7849045991897583,
    1.892724871635437,
    1.8991307020187378
  ],
  "val_accs": [
    0.2,
    0.18,
    0.18,
    0.18,
    0.18,
    0.26,
    0.26,
    0.18,
    0.14,
    0.12,
    0.18,
    0.2,
    0.24,
    0.14,
    0.14,
    0.2,
    0.24,
    0.26,
    0.1,
    0.18,
    0.2,
    0.16,
    0.18,
    0.22,
    0.18,
    0.2,
    0.18,
    0.18,
    0.24,
    0.18,
    0.16,
    0.22,
    0.18,
    0.22,
    0.26,
    0.28,
    0.3,
    0.22,
    0.22,
    0.18,
    0.2
  ],
  "best_val_loss": 1.6321057081222534,
  "best_epoch": 26,
  "n_epochs_run": 41
}