{
  "scaler": {
    "means": [
      0.45974621176719666,
      15.997282981872559,
      697.1179809570312,
      20.485441207885742,
      -0.015382793731987476,
      3.6659505367279053
    ],
    "stds": [
      7.130860328674316,
      12.818230628967285,
      1658.544677734375,
      16.657272338867188,
      0.5518912076950073,
      1.7953565120697021
    ]
  },
  "n_train": 231,
  "n_val": 50,
  "n_test": 50
}