{
  "A": {
    "precision": 0.30097087378640774,
    "recall": 0.26571428571428574,
    "f1-score": 0.2822458270106222,
    "support": 350.0
  },
  "E": {
    "precision": 0.27873563218390807,
    "recall": 0.30793650793650795,
    "f1-score": 0.29260935143288086,
    "support": 315.0
  },
  "I": {
    "precision": 0.3333333333333333,
    "recall": 0.3283582089552239,
    "f1-score": 0.3308270676691729,
    "support": 335.0
  },
  "O": {
    "precision": 0.2887139107611549,
    "recall": 0.3333333333333333,
    "f1-score": 0.30942334739803096,
    "support": 330.0
  },
  "U": {
    "precision": 0.2961672473867596,
    "recall": 0.26153846153846155,
    "f1-score": 0.2777777777777778,
    "support": 325.0
  },
  "accuracy": 0.2990936555891239,
  "macro avg": {
    "precision": 0.29958419949031273,
    "recall": 0.2993761594955625,
    "f1-score": 0.29857667425769696,
    "support": 1655.0
  },
  "weighted avg": {
    "precision": 0.29990220095572107,
    "recall": 0.2990936555891239,
    "f1-score": 0.2985936768842152,
    "support": 1655.0
  }
}