{
  "Arriba": {
    "precision": 0.2329059829059829,
    "recall": 0.35161290322580646,
    "f1-score": 0.2802056555269923,
    "support": 310.0
  },
  "Abajo": {
    "precision": 0.23333333333333334,
    "recall": 0.16065573770491803,
    "f1-score": 0.19029126213592232,
    "support": 305.0
  },
  "Izquierda": {
    "precision": 0.17582417582417584,
    "recall": 0.1103448275862069,
    "f1-score": 0.13559322033898305,
    "support": 290.0
  },
  "Derecha": {
    "precision": 0.26526315789473687,
    "recall": 0.42,
    "f1-score": 0.3251612903225806,
    "support": 300.0
  },
  "Adelante": {
    "precision": 0.24152542372881355,
    "recall": 0.19655172413793104,
    "f1-score": 0.21673003802281368,
    "support": 290.0
  },
  "Atras": {
    "precision": 0.3037383177570093,
    "recall": 0.22413793103448276,
    "f1-score": 0.25793650793650796,
    "support": 290.0
  },
  "accuracy": 0.2453781512605042,
  "macro avg": {
    "precision": 0.2420983985740086,
    "recall": 0.2438838539482242,
    "f1-score": 0.2343196623806333,
    "support": 1785.0
  },
  "weighted avg": {
    "precision": 0.24205152087162016,
    "recall": 0.2453781512605042,
    "f1-score": 0.23497272128185234,
    "support": 1785.0
  }
}