{
  "vocales": {
    "n_folds": 24,
    "window_accuracies_mean": [
      0.3144997457033664,
      0.3420259420800738,
      0.36990409821666753,
      0.3685081198173303,
      0.35275467299510077,
      0.31901921726026744
    ],
    "window_accuracies_std": [
      0.015548314398689724,
      0.019628125193740256,
      0.020659600502070687,
      0.021248395380388193,
      0.024175882718277298,
      0.01791416162845061
    ],
    "window_accuracies_min": [
      0.28094725511302476,
      0.3008298755186722,
      0.3311827956989247,
      0.3216245883644347,
      0.2848167539267016,
      0.28
    ],
    "window_accuracies_max": [
      0.3446808510638298,
      0.38244853737811485,
      0.4151547491995731,
      0.40207253886010363,
      0.39872068230277186,
      0.34796926454445665
    ]
  },
  "comandos": {
    "n_folds": 24,
    "window_accuracies_mean": [
      0.2610225675378434,
      0.28888566907483004,
      0.3137084911358429,
      0.31752986792226673,
      0.2939041506207258,
      0.2628368166531198
    ],
    "window_accuracies_std": [
      0.011326615841769017,
      0.01735066596639034,
      0.018839687834061092,
      0.015852732853658787,
      0.01939916532635201,
      0.019278339353700706
    ],
    "window_accuracies_min": [
      0.23927958833619212,
      0.2459983150800337,
      0.2813008130081301,
      0.2842197035745423,
      0.2531328320802005,
      0.23169750603378922
    ],
    "window_accuracies_max": [
      0.2835951134380454,
      0.3190436933223413,
      0.34796747967479674,
      0.3563786008230453,
      0.33139050791007496,
      0.29490392648287383
    ]
  }
}