{
  "train_losses": [
    1.7724367596886375,
    1.7011394934220747,
    1.6677808436480435,
    1.6107723387804898,
    1.5951310829682783,
    1.6109364791349932,
    1.5868055495348843,
    1.5458929321982644,
    1.5746166706085205,
    1.5520631074905396,
    1.5130923661318691,
    1.4809267087416216,
    1.5522640184922651,
    1.4733217737891457,
    1.5136275399814954,
    1.4817181500521572,
    1.4549233696677468,
    1.3741592819040471,
    1.4899759075858376,
    1.3684025027535178,
    1.477546908638694,
    1.5114336013793945,
    1.3888865384188565,
    1.463780554858121
  ],
  "val_losses": [
    1.603348970413208,
    1.7832131385803223,
    1.7360419034957886,
    1.6422065496444702,
    1.6553577184677124,
    1.686283826828003,
    1.6204497814178467,
    1.5483578443527222,
    1.5392165184020996,
    1.574657917022705,
    1.6154309511184692,
    1.6545159816741943,
    1.6292622089385986,
    1.6024154424667358,
    1.62697434425354,
    1.6553541421890259,
    1.6722761392593384,
    1.669162392616272,
    1.6721351146697998,
    1.6708999872207642,
    1.7098040580749512,
    1.779532790184021,
    1.66962468624115,
    1.7124172449111938
  ],
  "val_accs": [
    0.24,
    0.24,
    0.2,
    0.16,
    0.12,
    0.24,
    0.28,
    0.3,
    0.32,
    0.26,
    0.28,
    0.16,
    0.14,
    0.18,
    0.18,
    0.2,
    0.16,
    0.16,
    0.22,
    0.16,
    0.16,
    0.18,
    0.22,
    0.18
  ],
  "best_val_loss": 1.5392165184020996,
  "best_epoch": 9,
  "n_epochs_run": 24
}