{
  "Arriba": {
    "precision": 0.22877358490566038,
    "recall": 0.31290322580645163,
    "f1-score": 0.26430517711171664,
    "support": 310.0
  },
  "Abajo": {
    "precision": 0.19784172661870503,
    "recall": 0.18032786885245902,
    "f1-score": 0.18867924528301888,
    "support": 305.0
  },
  "Izquierda": {
    "precision": 0.287292817679558,
    "recall": 0.1793103448275862,
    "f1-score": 0.2208067940552017,
    "support": 290.0
  },
  "Derecha": {
    "precision": 0.26426426426426425,
    "recall": 0.29333333333333333,
    "f1-score": 0.27804107424960506,
    "support": 300.0
  },
  "Adelante": {
    "precision": 0.2471264367816092,
    "recall": 0.296551724137931,
    "f1-score": 0.26959247648902823,
    "support": 290.0
  },
  "Atras": {
    "precision": 0.25339366515837103,
    "recall": 0.19310344827586207,
    "f1-score": 0.2191780821917808,
    "support": 290.0
  },
  "accuracy": 0.24313725490196078,
  "macro avg": {
    "precision": 0.24644874923469465,
    "recall": 0.24258832420560386,
    "f1-score": 0.24010047489672523,
    "support": 1785.0
  },
  "weighted avg": {
    "precision": 0.2459420526097508,
    "recall": 0.24313725490196078,
    "f1-score": 0.24015211724609387,
    "support": 1785.0
  }
}