{
  "train_losses": [
    1.7977360895430425,
    1.7942489789301657,
    1.793094134425737,
    1.7921883143276807,
    1.7903483792605153,
    1.7878891139391409,
    1.7872468380339117,
    1.7860908821759471,
    1.7864007294415478,
    1.785333236375178,
    1.784383773803711,
    1.7839491761538138,
    1.7829335557512078,
    1.7826139143263677,
    1.782676450759766,
    1.782142700427082,
    1.7814207670698128,
    1.7809993817036844,
    1.7810512116230817,
    1.780317053376916,
    1.779092173652345,
    1.77588581563942,
    1.7788248883775506,
    1.7782080757665444,
    1.7752154305636645,
    1.7758521102814084,
    1.776636906354076,
    1.7749876420336415,
    1.7753712062341758,
    1.7744268454403516,
    1.7719976854514317,
    1.7741662724559526,
    1.7729184271329903,
    1.7725331978019014,
    1.771412426731976,
    1.7729233712314134,
    1.771699577688696,
    1.7732552057243438,
    1.7705719034035368,
    1.7694682381542555,
    1.7719586142505783,
    1.7701721219902495,
    1.7704337830562515,
    1.7714484687820373,
    1.7677252729575472,
    1.7692068696496972,
    1.767216227918982,
    1.7666798906022334,
    1.7667464644785422,
    1.767508759916541,
    1.769340278142952,
    1.7679320141613721,
    1.766079688927092,
    1.7656376518576269,
    1.765564619307499,
    1.7647269812238169,
    1.7636554806355935,
    1.7672202572879563,
    1.763754771050229,
    1.767869182791843,
    1.7654613536667538,
    1.7630278484754829,
    1.766997709692237,
    1.7644671481919003,
    1.7606434014688925,
    1.7621101606414613,
    1.7644010416540017,
    1.7604803540317187,
    1.7614250449070417,
    1.760277896763319,
    1.7626242162696868,
    1.759532725193586,
    1.7603422213360609,
    1.758371101907525,
    1.7591655705554552,
    1.7632138562867365,
    1.7590348155375022,
    1.7581470145647269,
    1.7610153619986606,
    1.761769983398012,
    1.7586946796136074,
    1.7596231466270538,
    1.7591079221778656,
    1.7591401561797853,
    1.759166673360118,
    1.7599172967363639,
    1.7555399387481203,
    1.7585676936989287,
    1.7591608487277393,
    1.7594539805712452,
    1.7591270227356262,
    1.7561951452992353,
    1.7566175584299155,
    1.7552617968791036,
    1.757192779347241,
    1.7553968044866128,
    1.7563590642465539,
    1.7535979344075419
  ],
  "val_losses": [
    1.7932567265372794,
    1.791812398665963,
    1.791982591886403,
    1.7899936552410831,
    1.7896309757286064,
    1.7878495337314328,
    1.7877102904730922,
    1.7873710492690493,
    1.786855488848713,
    1.7860055048548495,
    1.7851540054479345,
    1.7838401598198816,
    1.7826986411651065,
    1.782189762739158,
    1.7816711410563042,
    1.7811458216268832,
    1.7799176559736587,
    1.7793387667195661,
    1.7790990499205979,
    1.7782156805175149,
    1.777314316785883,
    1.777576871975539,
    1.7759499870249031,
    1.7752203592928366,
    1.7745065327320761,
    1.773103311374233,
    1.7728017213496756,
    1.7731901152270104,
    1.7722047839693367,
    1.7720520321492519,
    1.771003934330529,
    1.7700524884135298,
    1.7703132012656662,
    1.769569390831976,
    1.769198093809446,
    1.7683414941672382,
    1.7663077389673316,
    1.7664905863940248,
    1.7671152848545941,
    1.7667230352976286,
    1.7668502898125473,
    1.7658534517213451,
    1.7653675601303511,
    1.764741980482189,
    1.7641581551892493,
    1.7632579154690595,
    1.7631478806225476,
    1.7631832229063198,
    1.762316001889954,
    1.761071677971527,
    1.7610101391460167,
    1.7615368427648257,
    1.7613964636141615,
    1.759661134253157,
    1.7592950829733394,
    1.759103621907891,
    1.7599182903165913,
    1.7582572663884948,
    1.7586700686682246,
    1.7584684545222216,
    1.7587688767496175,
    1.7576328917820536,
    1.7579403151857091,
    1.758089042590954,
    1.7560315780917315,
    1.75482913841726,
    1.7548964934012659,
    1.7536830154538554,
    1.7537800568882855,
    1.7533963148431042,
    1.7524199296218683,
    1.7521592301190367,
    1.7508399098076985,
    1.7508907282072113,
    1.751526708031555,
    1.751677390976422,
    1.7505300381415902,
    1.7502474899655094,
    1.7491870240161294,
    1.7492038016890625,
    1.7497240741469158,
    1.749392649361161,
    1.7482550587392467,
    1.7470041590868959,
    1.7471565253790655,
    1.745947558829125,
    1.7460895970313572,
    1.745418506133196,
    1.7460686468997968,
    1.7472390315567392,
    1.747100762530644,
    1.7462397908577059,
    1.746077466785307,
    1.746169266748802,
    1.7466156626869023,
    1.7469241026400986,
    1.7462414702002171,
    1.7459641605582243
  ],
  "val_accs": [
    0.13101903695408734,
    0.13773796192609183,
    0.1522956326987682,
    0.167973124300112,
    0.16349384098544234,
    0.1791713325867861,
    0.18141097424412095,
    0.1948488241881299,
    0.1881298992161254,
    0.20044792833146696,
    0.20940649496080627,
    0.21052631578947367,
    0.2284434490481523,
    0.21612541993281076,
    0.2206047032474804,
    0.23292273236282196,
    0.22956326987681971,
    0.23180291153415453,
    0.2284434490481523,
    0.23404255319148937,
    0.22508398656215006,
    0.22508398656215006,
    0.23068309070548712,
    0.23292273236282196,
    0.24076147816349383,
    0.24524076147816348,
    0.23628219484882418,
    0.23404255319148937,
    0.23628219484882418,
    0.23180291153415453,
    0.23180291153415453,
    0.22956326987681971,
    0.23964165733482642,
    0.2374020156774916,
    0.24076147816349383,
    0.2530795072788354,
    0.2687569988801792,
    0.26651735722284436,
    0.251959686450168,
    0.2698768197088466,
    0.25867861142217247,
    0.2553191489361702,
    0.24636058230683092,
    0.2553191489361702,
    0.2642777155655095,
    0.270996640537514,
    0.26651735722284436,
    0.2620380739081747,
    0.25755879059350506,
    0.2687569988801792,
    0.26539753639417696,
    0.2530795072788354,
    0.26651735722284436,
    0.2788353863381859,
    0.2721164613661814,
    0.26651735722284436,
    0.2631578947368421,
    0.2642777155655095,
    0.26651735722284436,
    0.26539753639417696,
    0.270996640537514,
    0.26651735722284436,
    0.26539753639417696,
    0.2609182530795073,
    0.2687569988801792,
    0.2765957446808511,
    0.26539753639417696,
    0.2777155655095185,
    0.2698768197088466,
    0.26539753639417696,
    0.27435610302351626,
    0.270996640537514,
    0.2642777155655095,
    0.2765957446808511,
    0.2732362821948488,
    0.2721164613661814,
    0.2721164613661814,
    0.27435610302351626,
    0.27435610302351626,
    0.2799552071668533,
    0.2788353863381859,
    0.2877939529675252,
    0.27435610302351626,
    0.2765957446808511,
    0.2810750279955207,
    0.2855543113101904,
    0.29227323628219487,
    0.2821948488241881,
    0.2889137737961926,
    0.2967525195968645,
    0.2866741321388578,
    0.2911534154535274,
    0.2877939529675252,
    0.29003359462486,
    0.28331466965285557,
    0.284434490481523,
    0.2810750279955207,
    0.2889137737961926
  ],
  "best_val_loss": 1.745418506133196,
  "best_epoch": 88,
  "n_epochs_run": 98
}