{
  "seed": 46,
  "timestamp": "2025-09-29T13:24:09.735915Z",
  "acc_test": 0.2222222222222222,
  "report": {
    "0": {
      "precision": 0.2222222222222222,
      "recall": 0.4444444444444444,
      "f1-score": 0.2962962962962963,
      "support": 9.0
    },
    "1": {
      "precision": 0.3333333333333333,
      "recall": 0.5555555555555556,
      "f1-score": 0.4166666666666667,
      "support": 9.0
    },
    "2": {
      "precision": 0.0,
      "recall": 0.0,
      "f1-score": 0.0,
      "support": 9.0
    },
    "3": {
      "precision": 0.15789473684210525,
      "recall": 0.3333333333333333,
      "f1-score": 0.21428571428571427,
      "support": 9.0
    },
    "4": {
      "precision": 0.0,
      "recall": 0.0,
      "f1-score": 0.0,
      "support": 9.0
    },
    "5": {
      "precision": 0.0,
      "recall": 0.0,
      "f1-score": 0.0,
      "support": 9.0
    },
    "accuracy": 0.2222222222222222,
    "macro avg": {
      "precision": 0.11890838206627681,
      "recall": 0.2222222222222222,
      "f1-score": 0.1545414462081129,
      "support": 54.0
    },
    "weighted avg": {
      "precision": 0.1189083820662768,
      "recall": 0.2222222222222222,
      "f1-score": 0.15454144620811286,
      "support": 54.0
    }
  }
}