{
  "train_losses": [
    1.981622332549957,
    1.8112070445554802,
    1.7815667232835148,
    1.739545507603381,
    1.758401925305286,
    1.7774710008896977,
    1.7329913995352135,
    1.735957007810294,
    1.7363241796033928,
    1.721467154571809,
    1.7340796453407012,
    1.740118433193988,
    1.6639839252793645,
    1.7055373795061226,
    1.652028994387891,
    1.6724014095513218,
    1.6168739939310464,
    1.6171256476138012,
    1.5541572872414646,
    1.5757376530084266,
    1.5246837756719933,
    1.536544769643301,
    1.5220229108649563,
    1.495627930365413
  ],
  "val_losses": [
    3.569728374481201,
    4.008876323699951,
    3.1440505981445312,
    2.1582038402557373,
    1.970186710357666,
    1.8654366731643677,
    1.8655327558517456,
    1.8311911821365356,
    1.8210525512695312,
    1.851294755935669,
    1.8411169052124023,
    1.8368510007858276,
    1.8356328010559082,
    1.8372701406478882,
    1.950705885887146,
    2.0580849647521973,
    1.959513783454895,
    1.8658376932144165,
    1.8792920112609863,
    1.8719711303710938,
    1.8945167064666748,
    2.144319772720337,
    2.192065954208374,
    2.056896448135376
  ],
  "val_accs": [
    0.16666666666666666,
    0.16666666666666666,
    0.09259259259259259,
    0.1111111111111111,
    0.2037037037037037,
    0.2037037037037037,
    0.2037037037037037,
    0.14814814814814814,
    0.16666666666666666,
    0.09259259259259259,
    0.2037037037037037,
    0.16666666666666666,
    0.16666666666666666,
    0.16666666666666666,
    0.12962962962962962,
    0.09259259259259259,
    0.1111111111111111,
    0.2222222222222222,
    0.2037037037037037,
    0.18518518518518517,
    0.2037037037037037,
    0.18518518518518517,
    0.2222222222222222,
    0.18518518518518517
  ],
  "best_val_loss": 1.8210525512695312,
  "best_epoch": 9,
  "n_epochs_run": 24
}