{
  "scaler": {
    "means": [
      -0.1220903992652893,
      16.95076560974121,
      778.746337890625,
      21.77555274963379,
      -0.03928932920098305,
      3.698622703552246
    ],
    "stds": [
      6.880861759185791,
      13.540959358215332,
      1288.008056640625,
      17.45197868347168,
      0.5432735085487366,
      1.9424701929092407
    ]
  },
  "n_train": 249,
  "n_val": 54,
  "n_test": 54
}