{
  "vocales": {
    "n_folds": 24,
    "precision_mean": 0.2979569012855539,
    "precision_std": 0.015934548218041918,
    "recall_mean": 0.29083444118705865,
    "recall_std": 0.014607467864324403,
    "f1_mean": 0.2713673147096924,
    "f1_std": 0.015704989681392695
  },
  "comandos": {
    "n_folds": 24,
    "precision_mean": 0.31765560418890054,
    "precision_std": 0.015525922398399701,
    "recall_mean": 0.31316129679044996,
    "recall_std": 0.012803493882128425,
    "f1_mean": 0.30314728673141184,
    "f1_std": 0.015909612826717948
  }
}