{
  "A": {
    "precision": 0.31137724550898205,
    "recall": 0.29714285714285715,
    "f1-score": 0.30409356725146197,
    "support": 350.0
  },
  "E": {
    "precision": 0.2846715328467153,
    "recall": 0.12380952380952381,
    "f1-score": 0.17256637168141592,
    "support": 315.0
  },
  "I": {
    "precision": 0.28516377649325625,
    "recall": 0.4417910447761194,
    "f1-score": 0.34660421545667447,
    "support": 335.0
  },
  "O": {
    "precision": 0.3408239700374532,
    "recall": 0.27575757575757576,
    "f1-score": 0.304857621440536,
    "support": 330.0
  },
  "U": {
    "precision": 0.30402010050251255,
    "recall": 0.3723076923076923,
    "f1-score": 0.334716459197787,
    "support": 325.0
  },
  "accuracy": 0.3039274924471299,
  "macro avg": {
    "precision": 0.3052113250777838,
    "recall": 0.3021617387587537,
    "f1-score": 0.292567647005575,
    "support": 1655.0
  },
  "weighted avg": {
    "precision": 0.30541503122403385,
    "recall": 0.3039274924471299,
    "f1-score": 0.2938304725742002,
    "support": 1655.0
  }
}