{
  "A": {
    "precision": 0.3024054982817869,
    "recall": 0.25142857142857145,
    "f1-score": 0.2745709828393136,
    "support": 350.0
  },
  "E": {
    "precision": 0.3093220338983051,
    "recall": 0.23174603174603176,
    "f1-score": 0.26497277676951,
    "support": 315.0
  },
  "I": {
    "precision": 0.27111111111111114,
    "recall": 0.3641791044776119,
    "f1-score": 0.310828025477707,
    "support": 335.0
  },
  "O": {
    "precision": 0.3435114503816794,
    "recall": 0.2727272727272727,
    "f1-score": 0.30405405405405406,
    "support": 330.0
  },
  "U": {
    "precision": 0.2860576923076923,
    "recall": 0.36615384615384616,
    "f1-score": 0.32118758434547906,
    "support": 325.0
  },
  "accuracy": 0.2972809667673716,
  "macro avg": {
    "precision": 0.30248155719611497,
    "recall": 0.2972469653066668,
    "f1-score": 0.2951226846972127,
    "support": 1655.0
  },
  "weighted avg": {
    "precision": 0.302373483942458,
    "recall": 0.2972809667673716,
    "f1-score": 0.2951162900068313,
    "support": 1655.0
  }
}