{
  "train_losses": [
    1.6138868141577711,
    1.6070801003820963,
    1.6064236848421891,
    1.6030872541096957,
    1.6028071894683469,
    1.601660456964117,
    1.5994621579144743,
    1.597601849424194,
    1.597487544795723,
    1.5989424249254105,
    1.5948032190035506,
    1.5969531228434437,
    1.5955876457110114,
    1.5930700225287098,
    1.5950095881003252,
    1.595317444577863,
    1.5915749325469883,
    1.5918451248598975,
    1.5935078525408748,
    1.5903175048769216,
    1.5912832289682037,
    1.590673739852178,
    1.5906640430000687,
    1.5881419927301992,
    1.5898770033088614,
    1.5905467130616957,
    1.5870261532965484,
    1.5893689160765105,
    1.5891202535503772,
    1.586355445111888,
    1.5867822769905746,
    1.5876183726410746,
    1.5879602725992144,
    1.5881472526500093,
    1.5885172927877447,
    1.5859102675686494,
    1.5858679653030443,
    1.5852280122666802,
    1.5854525098036132,
    1.58518841056291,
    1.5835503515531926,
    1.5817861105910047,
    1.585771438898425,
    1.5806497434681657,
    1.5841252924500495,
    1.5837785905041726,
    1.581122027878411,
    1.5791873792137605,
    1.581639038871339,
    1.582715290816051,
    1.5799388979303128,
    1.5833100770101525,
    1.58106668909172,
    1.5797413381391106,
    1.5799557007894238,
    1.5829610266236631,
    1.5815077962147976,
    1.5808028457179812,
    1.5828442538970746,
    1.5768915424895027,
    1.5825633472670833,
    1.578752782259337,
    1.577554269558602,
    1.5776569311036446,
    1.5776565627506216,
    1.5776613746471209,
    1.5773188945861956,
    1.5785236678796437,
    1.5767669722235762,
    1.5772641291470435,
    1.5718417843188217,
    1.576846149922762,
    1.5767697550489452,
    1.5755011163911068,
    1.573793573444828,
    1.574134540490629,
    1.5725118208046773,
    1.5738006337498665,
    1.57572528690688,
    1.573281625877279,
    1.5751230903034867
  ],
  "val_losses": [
    1.6079845808554387,
    1.604976393174434,
    1.6038441571636477,
    1.601296551561586,
    1.6003823562520714,
    1.6000022767246633,
    1.5991559996121172,
    1.5979400550685643,
    1.5981868378782043,
    1.59779291337239,
    1.5964941713545058,
    1.596399116055401,
    1.5948241021898057,
    1.5942336608822218,
    1.5938888143226144,
    1.5941032505265758,
    1.5933395514741613,
    1.5918083317613831,
    1.5910951198587096,
    1.590076536372088,
    1.590014658688347,
    1.5885814077036393,
    1.5887846221094546,
    1.5879278540035378,
    1.5876308760205329,
    1.5875408902836308,
    1.5863339204143212,
    1.5868151118789895,
    1.5866628338173392,
    1.5870859784204603,
    1.58661779458972,
    1.5857821104031253,
    1.5849029942987045,
    1.5851266153768642,
    1.58404142672313,
    1.5841441741888074,
    1.5837980278448207,
    1.583022457965906,
    1.5839436589807705,
    1.5831033958904985,
    1.5822799223056738,
    1.5829895694474667,
    1.5826485894152507,
    1.5820827720245878,
    1.5809543691395562,
    1.5817295543237584,
    1.5806562169162548,
    1.5809038946594016,
    1.5805902889961205,
    1.5798836145999926,
    1.578938541205033,
    1.5795196340855768,
    1.578643426227109,
    1.5786601650542107,
    1.5784085349760193,
    1.5780676332648826,
    1.577604880079555,
    1.5764004141812162,
    1.577068158969787,
    1.577496502134535,
    1.5776768727003088,
    1.57808684554077,
    1.5773850207167548,
    1.5756936355489464,
    1.5758816101700788,
    1.5748521913076945,
    1.5746276441979523,
    1.574636439770316,
    1.5738415660489584,
    1.5730437489523403,
    1.5708141056235863,
    1.5724434363093354,
    1.5712659428085105,
    1.571721517521402,
    1.5711196257872282,
    1.5721082992599782,
    1.5718843775670885,
    1.571358515444585,
    1.5710625366312294,
    1.570840735366379,
    1.5714381478258952
  ],
  "val_accs": [
    0.20531400966183574,
    0.23792270531400966,
    0.22826086956521738,
    0.22705314009661837,
    0.24154589371980675,
    0.23309178743961353,
    0.24516908212560387,
    0.23792270531400966,
    0.2391304347826087,
    0.22584541062801933,
    0.23792270531400966,
    0.24396135265700483,
    0.24879227053140096,
    0.23671497584541062,
    0.2463768115942029,
    0.24879227053140096,
    0.2463768115942029,
    0.25120772946859904,
    0.2536231884057971,
    0.2584541062801932,
    0.25,
    0.2560386473429952,
    0.2608695652173913,
    0.2644927536231884,
    0.2584541062801932,
    0.26207729468599034,
    0.2753623188405797,
    0.2608695652173913,
    0.26570048309178745,
    0.2669082125603865,
    0.2717391304347826,
    0.27657004830917875,
    0.2693236714975845,
    0.26207729468599034,
    0.27657004830917875,
    0.2693236714975845,
    0.2717391304347826,
    0.2669082125603865,
    0.2753623188405797,
    0.2524154589371981,
    0.2632850241545894,
    0.25483091787439616,
    0.24758454106280192,
    0.2608695652173913,
    0.2717391304347826,
    0.2536231884057971,
    0.2644927536231884,
    0.26811594202898553,
    0.26811594202898553,
    0.2741545893719807,
    0.27294685990338163,
    0.28381642512077293,
    0.286231884057971,
    0.2898550724637681,
    0.28381642512077293,
    0.29106280193236717,
    0.28743961352657005,
    0.2971014492753623,
    0.29106280193236717,
    0.28743961352657005,
    0.28743961352657005,
    0.2886473429951691,
    0.28502415458937197,
    0.2886473429951691,
    0.2995169082125604,
    0.29589371980676327,
    0.29347826086956524,
    0.286231884057971,
    0.29589371980676327,
    0.3007246376811594,
    0.2886473429951691,
    0.29589371980676327,
    0.2886473429951691,
    0.2922705314009662,
    0.2946859903381642,
    0.29589371980676327,
    0.286231884057971,
    0.28743961352657005,
    0.3007246376811594,
    0.2946859903381642,
    0.2898550724637681
  ],
  "best_val_loss": 1.5708141056235863,
  "best_epoch": 71,
  "n_epochs_run": 81
}