{
  "vocales": {
    "n_folds": 24,
    "precision_mean": 0.3708875086106178,
    "precision_std": 0.013904636299825366,
    "recall_mean": 0.3687244318181819,
    "recall_std": 0.011753546024466655,
    "f1_mean": 0.3592720370177061,
    "f1_std": 0.013727785477558875
  },
  "comandos": {
    "n_folds": 24,
    "precision_mean": 0.3013524332119793,
    "precision_std": 0.008617237627610392,
    "recall_mean": 0.30094633284600386,
    "recall_std": 0.006196372962082392,
    "f1_mean": 0.2873370425523026,
    "f1_std": 0.009140811781396032
  }
}