{
  "vocales": {
    "n_folds": 24,
    "window_accuracies_mean": [
      0.27635750257542246,
      0.3032653215523086,
      0.29978661930857603,
      0.3010160807984622,
      0.29828348415878997,
      0.2802681813814702
    ],
    "window_accuracies_std": [
      0.01969413609537802,
      0.02131116016490055,
      0.024329842023748386,
      0.01609940414346326,
      0.025406899872962265,
      0.022919736933204565
    ],
    "window_accuracies_min": [
      0.22943221320973348,
      0.2529601722282024,
      0.2547065337763012,
      0.2651869158878505,
      0.24914675767918087,
      0.23406478578892373
    ],
    "window_accuracies_max": [
      0.3087885985748218,
      0.33890746934225197,
      0.34684684684684686,
      0.32964601769911506,
      0.34977578475336324,
      0.32505910165484636
    ]
  },
  "comandos": {
    "n_folds": 24,
    "window_accuracies_mean": [
      0.2791117811282588,
      0.32486829049807087,
      0.3508817093761604,
      0.33796282301346836,
      0.31584811379521743,
      0.2840395427762443
    ],
    "window_accuracies_std": [
      0.017565380384585823,
      0.021952709755856635,
      0.025916266450717186,
      0.02066378253720122,
      0.023401642100254506,
      0.01588074278671186
    ],
    "window_accuracies_min": [
      0.2414486921529175,
      0.2784688995215311,
      0.30318091451292245,
      0.29819277108433734,
      0.27069133398247325,
      0.2594059405940594
    ],
    "window_accuracies_max": [
      0.31496062992125984,
      0.38924930491195553,
      0.4099142040038132,
      0.37607655502392345,
      0.36503067484662577,
      0.31896551724137934
    ]
  }
}