{
  "vocales": {
    "n_folds": 24,
    "window_accuracies_mean": [
      0.31711599618456493,
      0.3458786948222606,
      0.3440193048797742,
      0.34260911942849576,
      0.3357293282009574,
      0.2977733144182905
    ],
    "window_accuracies_std": [
      0.013805064731082985,
      0.01746602820618231,
      0.022397610281259472,
      0.022945122743083846,
      0.021054591870905616,
      0.01553185015015216
    ],
    "window_accuracies_min": [
      0.2847380410022779,
      0.31852654387865653,
      0.29901423877327493,
      0.3073639274279616,
      0.3007600434310532,
      0.2721311475409836
    ],
    "window_accuracies_max": [
      0.34831460674157305,
      0.3928182807399347,
      0.3769574944071588,
      0.3847900113507378,
      0.3714609286523216,
      0.3262806236080178
    ]
  },
  "comandos": {
    "n_folds": 24,
    "window_accuracies_mean": [
      0.2523197172777446,
      0.28544816730424044,
      0.29522410249353953,
      0.29338793746349723,
      0.2983053634417575,
      0.2555789274868656
    ],
    "window_accuracies_std": [
      0.012573703430510468,
      0.017403437748218176,
      0.02046462992571518,
      0.01928431325802665,
      0.01888331020548442,
      0.01452540298948669
    ],
    "window_accuracies_min": [
      0.2291296625222025,
      0.22527944969905417,
      0.24889282550930025,
      0.2630208333333333,
      0.2688553682342502,
      0.22251308900523561
    ],
    "window_accuracies_max": [
      0.2779267202859696,
      0.31210762331838565,
      0.3360957642725598,
      0.3599290780141844,
      0.34778837814397223,
      0.28119349005424954
    ]
  }
}