{
  "Arriba": {
    "precision": 0.2383838383838384,
    "recall": 0.38064516129032255,
    "f1-score": 0.29316770186335406,
    "support": 310.0
  },
  "Abajo": {
    "precision": 0.17567567567567569,
    "recall": 0.17049180327868851,
    "f1-score": 0.17304492512479203,
    "support": 305.0
  },
  "Izquierda": {
    "precision": 0.2958801498127341,
    "recall": 0.27241379310344827,
    "f1-score": 0.2836624775583483,
    "support": 290.0
  },
  "Derecha": {
    "precision": 0.2421875,
    "recall": 0.31,
    "f1-score": 0.2719298245614035,
    "support": 300.0
  },
  "Adelante": {
    "precision": 0.26521739130434785,
    "recall": 0.2103448275862069,
    "f1-score": 0.23461538461538461,
    "support": 290.0
  },
  "Atras": {
    "precision": 0.17699115044247787,
    "recall": 0.06896551724137931,
    "f1-score": 0.09925558312655088,
    "support": 290.0
  },
  "accuracy": 0.23697478991596638,
  "macro avg": {
    "precision": 0.23238928426984565,
    "recall": 0.23547685041667424,
    "f1-score": 0.22594598280830558,
    "support": 1785.0
  },
  "weighted avg": {
    "precision": 0.23203475716097668,
    "recall": 0.23697478991596638,
    "f1-score": 0.22651223319115107,
    "support": 1785.0
  }
}