{
  "train_losses": [
    1.7991964266119724,
    1.7934395241072454,
    1.7923281430248246,
    1.7905943384208527,
    1.7888126724744697,
    1.7888812957056965,
    1.7876100088970595,
    1.786817156936068,
    1.7854474944422445,
    1.7848295975491346,
    1.7852666059813176,
    1.7826520271035304,
    1.7823917599788226,
    1.7811939830324088,
    1.783833859926201,
    1.780504984209737,
    1.7809925525786867,
    1.7815034000047174,
    1.780627225499704,
    1.7814875584674545,
    1.779846765605577,
    1.7790362416985501,
    1.7787502590878552,
    1.7770832629792719,
    1.7780913793708224,
    1.7779270557768316,
    1.7774966836450585,
    1.7759186974559646,
    1.775047025832522,
    1.777148871307829,
    1.7762304126503934,
    1.7753847723463143,
    1.7726622368709974,
    1.7758545291376304,
    1.7740134670439944,
    1.771271836710166,
    1.772315346387278,
    1.7727418957478496,
    1.7713330328701977,
    1.7687363505838403,
    1.7726835639353293,
    1.7691811213930289,
    1.7715160186547207,
    1.76992986164245,
    1.7674646505796576,
    1.7687552801641335,
    1.7684153000197087,
    1.769135999964528,
    1.7658754378201003,
    1.7672367418904704,
    1.7668769730039802,
    1.7667969341772012,
    1.768184245345127,
    1.7659925155905614,
    1.769524102192001,
    1.7670547164293875,
    1.7672596851668034,
    1.766113707743793,
    1.7649161834640807,
    1.7633354350390187,
    1.7607951439709302,
    1.763991755793294,
    1.7642838798196192,
    1.7612198909440364,
    1.7596583356895295,
    1.7649089672650948,
    1.7629894250892548,
    1.7646007917791724,
    1.761922557515452,
    1.7637606232289773,
    1.7603174448013306,
    1.765764009430114,
    1.7614896914873466,
    1.7618715055435301,
    1.7631982588673019,
    1.7633989925878457
  ],
  "val_losses": [
    1.7912843721310743,
    1.7894708062339604,
    1.7893973953379496,
    1.7885884042549773,
    1.7884250720430996,
    1.7873766228706813,
    1.7859115006541886,
    1.7859331165155665,
    1.7859124519256302,
    1.7845268393684208,
    1.7833763957691087,
    1.783072370430924,
    1.7820635875155117,
    1.7814473976346707,
    1.781717988438195,
    1.780689488733469,
    1.7806237697067346,
    1.7794866603272492,
    1.778872762388505,
    1.7788146004030712,
    1.7783742901459252,
    1.7777166564146856,
    1.778252447839547,
    1.7768766260627669,
    1.7768501917699149,
    1.776509344644536,
    1.77523475064409,
    1.7741859573266008,
    1.7741975764277802,
    1.7740620060970909,
    1.7736276345450561,
    1.7722674524129973,
    1.7714795409498396,
    1.7707872147789727,
    1.7704097853529226,
    1.771102618530376,
    1.7693403187684489,
    1.7684661087236906,
    1.7682240026661957,
    1.7668238161392469,
    1.7668033282941027,
    1.7669826444292656,
    1.7650494508753967,
    1.7648752193568402,
    1.7653315254181523,
    1.764454187497847,
    1.7639224669434055,
    1.763120885525412,
    1.762350844108778,
    1.7625735279961101,
    1.7617759065158156,
    1.7627047651425454,
    1.7618784712249995,
    1.7598590925586184,
    1.759948977564377,
    1.7590285368755978,
    1.758860930616885,
    1.759255545403629,
    1.7587406892926,
    1.758125806842646,
    1.7575343958074008,
    1.758096021607368,
    1.757229520652489,
    1.756502684260002,
    1.756770257453235,
    1.7560947658233386,
    1.756467968859571,
    1.7565808716706706,
    1.7574555480066365,
    1.7562833162064249,
    1.7570364242972345,
    1.7574463628841541,
    1.7582825422286987,
    1.7564829541213836,
    1.7563456495825414,
    1.7570130305754779
  ],
  "val_accs": [
    0.1769316909294513,
    0.1713325867861142,
    0.1780515117581187,
    0.18253079507278835,
    0.19036954087346025,
    0.19260918253079506,
    0.187010078387458,
    0.1881298992161254,
    0.18477043673012317,
    0.19932810750279956,
    0.19932810750279956,
    0.1881298992161254,
    0.18365061590145576,
    0.18477043673012317,
    0.20044792833146696,
    0.1948488241881299,
    0.19932810750279956,
    0.20492721164613661,
    0.20044792833146696,
    0.1948488241881299,
    0.19708846584546472,
    0.1959686450167973,
    0.1937290033594625,
    0.2038073908174692,
    0.20716685330347145,
    0.20940649496080627,
    0.20940649496080627,
    0.22284434490481522,
    0.21500559910414332,
    0.22172452407614782,
    0.21948488241881298,
    0.21836506159014557,
    0.22508398656215006,
    0.22172452407614782,
    0.2284434490481523,
    0.21836506159014557,
    0.22508398656215006,
    0.21948488241881298,
    0.21836506159014557,
    0.23292273236282196,
    0.23404255319148937,
    0.23404255319148937,
    0.23292273236282196,
    0.23292273236282196,
    0.2374020156774916,
    0.23516237402015677,
    0.22396416573348266,
    0.22732362821948487,
    0.23516237402015677,
    0.23628219484882418,
    0.24076147816349383,
    0.24076147816349383,
    0.24524076147816348,
    0.24412094064949608,
    0.24524076147816348,
    0.24524076147816348,
    0.24412094064949608,
    0.2284434490481523,
    0.24412094064949608,
    0.23516237402015677,
    0.23068309070548712,
    0.23404255319148937,
    0.251959686450168,
    0.25755879059350506,
    0.24748040313549832,
    0.2530795072788354,
    0.251959686450168,
    0.24860022396416573,
    0.25083986562150057,
    0.2541993281075028,
    0.24860022396416573,
    0.2541993281075028,
    0.2564389697648376,
    0.24972004479283313,
    0.2609182530795073,
    0.25083986562150057
  ],
  "best_val_loss": 1.7560947658233386,
  "best_epoch": 66,
  "n_epochs_run": 76
}