{
  "train_losses": [
    1.9478844447308277,
    1.8442184494202396,
    1.8027249028883785,
    1.7979819329388171,
    1.7850916615451675,
    1.7355574197079762,
    1.7536934513643563,
    1.7289273336709263,
    1.7652265120701618,
    1.712762383093317,
    1.6839465032140892,
    1.6517106395169914,
    1.6428447918719555,
    1.6395469171455108,
    1.6280065473303738,
    1.642193196767784,
    1.6105705700724957,
    1.598572919167668,
    1.590241551399231,
    1.614897206605199,
    1.5855848315250443,
    1.5543010206107635,
    1.5266325689223876
  ],
  "val_losses": [
    2.0235023498535156,
    1.9727178812026978,
    1.9362406730651855,
    1.909818410873413,
    1.8667658567428589,
    1.7996848821640015,
    1.7798553705215454,
    1.7701247930526733,
    1.7861862182617188,
    1.7923723459243774,
    1.800977349281311,
    1.8250588178634644,
    1.8456369638442993,
    1.8578394651412964,
    1.7929606437683105,
    1.7990574836730957,
    1.8378955125808716,
    1.9187002182006836,
    1.9756813049316406,
    1.9726958274841309,
    1.9758448600769043,
    1.8504942655563354,
    1.9104703664779663
  ],
  "val_accs": [
    0.2222222222222222,
    0.2962962962962963,
    0.18518518518518517,
    0.16666666666666666,
    0.18518518518518517,
    0.25925925925925924,
    0.25925925925925924,
    0.2777777777777778,
    0.2222222222222222,
    0.16666666666666666,
    0.14814814814814814,
    0.12962962962962962,
    0.2037037037037037,
    0.14814814814814814,
    0.2777777777777778,
    0.14814814814814814,
    0.14814814814814814,
    0.25925925925925924,
    0.18518518518518517,
    0.18518518518518517,
    0.09259259259259259,
    0.2222222222222222,
    0.18518518518518517
  ],
  "best_val_loss": 1.7701247930526733,
  "best_epoch": 8,
  "n_epochs_run": 23
}