{
  "experiment_root": "/home/ecatorano/tesis_licfis/tesis_cientibeca/experiments/EEGNet_full_baseline",
  "n_subjects": 15,
  "subjects": [
    "S01_EEG_augmented",
    "S02_EEG_augmented",
    "S03_EEG_augmented",
    "S04_EEG_augmented",
    "S05_EEG_augmented",
    "S06_EEG_augmented",
    "S07_EEG_augmented",
    "S08_EEG_augmented",
    "S09_EEG_augmented",
    "S10_EEG_augmented",
    "S11_EEG_augmented",
    "S12_EEG_augmented",
    "S13_EEG_augmented",
    "S14_EEG_augmented",
    "S15_EEG_augmented"
  ],
  "per_subject_summaries": {
    "S01_EEG_augmented": {
      "vocales": {
        "n_folds": 24,
        "precision_mean": 0.33319850310705545,
        "precision_std": 0.010512941206090698,
        "recall_mean": 0.32859464022710294,
        "recall_std": 0.009156018424050337,
        "f1_mean": 0.30384510189626973,
        "f1_std": 0.009734638678291212
      },
      "comandos": {
        "n_folds": 24,
        "precision_mean": 0.29046191583910963,
        "precision_std": 0.010549871673913955,
        "recall_mean": 0.28792707877453394,
        "recall_std": 0.010552810031579407,
        "f1_mean": 0.2783282437490427,
        "f1_std": 0.015223935227857893
      }
    },
    "S02_EEG_augmented": {
      "vocales": {
        "n_folds": 24,
        "precision_mean": 0.3549685309841418,
        "precision_std": 0.01473367129258703,
        "recall_mean": 0.3508928571428571,
        "recall_std": 0.014989455619264654,
        "f1_mean": 0.343188599772229,
        "f1_std": 0.014797852653487467
      },
      "comandos": {
        "n_folds": 24,
        "precision_mean": 0.32216274174826837,
        "precision_std": 0.011402715761133029,
        "recall_mean": 0.3135077335858586,
        "recall_std": 0.008874706542740063,
        "f1_mean": 0.3029146144071542,
        "f1_std": 0.015232557113229407
      }
    },
    "S03_EEG_augmented": {
      "vocales": {
        "n_folds": 24,
        "precision_mean": 0.35244432613256493,
        "precision_std": 0.010793430438066203,
        "recall_mean": 0.3442863537828374,
        "recall_std": 0.011880290207423391,
        "f1_mean": 0.3370892663762983,
        "f1_std": 0.012676727363248796
      },
      "comandos": {
        "n_folds": 24,
        "precision_mean": 0.29254151623458763,
        "precision_std": 0.008899895752200683,
        "recall_mean": 0.2894378453891513,
        "recall_std": 0.006487492917039279,
        "f1_mean": 0.28069976550438047,
        "f1_std": 0.006314654813390216
      }
    },
    "S04_EEG_augmented": {
      "vocales": {
        "n_folds": 24,
        "precision_mean": 0.3728241990222558,
        "precision_std": 0.01503649354690778,
        "recall_mean": 0.3604514860139861,
        "recall_std": 0.013377064530528135,
        "f1_mean": 0.3501905547057804,
        "f1_std": 0.017955394572490804
      },
      "comandos": {
        "n_folds": 24,
        "precision_mean": 0.30665278736983553,
        "precision_std": 0.013263986104648911,
        "recall_mean": 0.2994885917305697,
        "recall_std": 0.011783980618661183,
        "f1_mean": 0.2904802505973669,
        "f1_std": 0.014958131637266428
      }
    },
    "S05_EEG_augmented": {
      "vocales": {
        "n_folds": 24,
        "precision_mean": 0.2979569012855539,
        "precision_std": 0.015934548218041918,
        "recall_mean": 0.29083444118705865,
        "recall_std": 0.014607467864324403,
        "f1_mean": 0.2713673147096924,
        "f1_std": 0.015704989681392695
      },
      "comandos": {
        "n_folds": 24,
        "precision_mean": 0.31765560418890054,
        "precision_std": 0.015525922398399701,
        "recall_mean": 0.31316129679044996,
        "recall_std": 0.012803493882128425,
        "f1_mean": 0.30314728673141184,
        "f1_std": 0.015909612826717948
      }
    },
    "S06_EEG_augmented": {
      "vocales": {
        "n_folds": 24,
        "precision_mean": 0.3306981195106007,
        "precision_std": 0.012129419584583257,
        "recall_mean": 0.3295131072631073,
        "recall_std": 0.01059930253020079,
        "f1_mean": 0.3211275503119941,
        "f1_std": 0.01421355054451044
      },
      "comandos": {
        "n_folds": 24,
        "precision_mean": 0.2793594435698494,
        "precision_std": 0.014227125152314212,
        "recall_mean": 0.2769872992369337,
        "recall_std": 0.010394741560281355,
        "f1_mean": 0.264057563370873,
        "f1_std": 0.013128247687439405
      }
    },
    "S07_EEG_augmented": {
      "vocales": {
        "n_folds": 24,
        "precision_mean": 0.3232714421774751,
        "precision_std": 0.014937736816649453,
        "recall_mean": 0.31926533725669753,
        "recall_std": 0.01738640342656962,
        "f1_mean": 0.30155646832654465,
        "f1_std": 0.020091490734866095
      },
      "comandos": {
        "n_folds": 24,
        "precision_mean": 0.2715680071680739,
        "precision_std": 0.010391985514160162,
        "recall_mean": 0.2717604081899155,
        "recall_std": 0.009254064492056605,
        "f1_mean": 0.26392494209603484,
        "f1_std": 0.010711831373733199
      }
    },
    "S08_EEG_augmented": {
      "vocales": {
        "n_folds": 24,
        "precision_mean": 0.3575299533609808,
        "precision_std": 0.013711829141121153,
        "recall_mean": 0.34129216269841267,
        "recall_std": 0.0112087880434699,
        "f1_mean": 0.33049783015564804,
        "f1_std": 0.012600046926164461
      },
      "comandos": {
        "n_folds": 24,
        "precision_mean": 0.28134649672030315,
        "precision_std": 0.012025016833979723,
        "recall_mean": 0.2807510000605036,
        "recall_std": 0.010607403958978459,
        "f1_mean": 0.26862426693445407,
        "f1_std": 0.015493141616072943
      }
    },
    "S09_EEG_augmented": {
      "vocales": {
        "n_folds": 24,
        "precision_mean": 0.33444213344749524,
        "precision_std": 0.014533090628510192,
        "recall_mean": 0.33117223764616016,
        "recall_std": 0.013374725441305397,
        "f1_mean": 0.32015957791503324,
        "f1_std": 0.015381480958853971
      },
      "comandos": {
        "n_folds": 24,
        "precision_mean": 0.3071432458206771,
        "precision_std": 0.01212851106607538,
        "recall_mean": 0.30207628309715423,
        "recall_std": 0.009761110084066759,
        "f1_mean": 0.28792871418540295,
        "f1_std": 0.01446367061555929
      }
    },
    "S10_EEG_augmented": {
      "vocales": {
        "n_folds": 24,
        "precision_mean": 0.36172671489822433,
        "precision_std": 0.013972724887467376,
        "recall_mean": 0.34955597007474276,
        "recall_std": 0.012026205652226557,
        "f1_mean": 0.3374653858584504,
        "f1_std": 0.012764438967981798
      },
      "comandos": {
        "n_folds": 24,
        "precision_mean": 0.3142561405698245,
        "precision_std": 0.011649980319610292,
        "recall_mean": 0.3034687020471507,
        "recall_std": 0.011452154034379805,
        "f1_mean": 0.2973315890492319,
        "f1_std": 0.012495999498858722
      }
    },
    "S11_EEG_augmented": {
      "vocales": {
        "n_folds": 24,
        "precision_mean": 0.3663228899909239,
        "precision_std": 0.014456433277808965,
        "recall_mean": 0.3584487283549784,
        "recall_std": 0.012316237912302856,
        "f1_mean": 0.35351134176696936,
        "f1_std": 0.013942148316180058
      },
      "comandos": {
        "n_folds": 24,
        "precision_mean": 0.30484877426741563,
        "precision_std": 0.010984593049011254,
        "recall_mean": 0.30353431328988095,
        "recall_std": 0.012462369326873049,
        "f1_mean": 0.2952726213785237,
        "f1_std": 0.014207169562071654
      }
    },
    "S12_EEG_augmented": {
      "vocales": {
        "n_folds": 24,
        "precision_mean": 0.3708875086106178,
        "precision_std": 0.013904636299825366,
        "recall_mean": 0.3687244318181819,
        "recall_std": 0.011753546024466655,