{
  "seed": 50,
  "timestamp": "2025-09-29T13:23:57.724890Z",
  "acc_test": 0.22,
  "report": {
    "0": {
      "precision": 0.2,
      "recall": 0.18181818181818182,
      "f1-score": 0.19047619047619047,
      "support": 11.0
    },
    "1": {
      "precision": 0.5,
      "recall": 0.1111111111111111,
      "f1-score": 0.18181818181818182,
      "support": 9.0
    },
    "2": {
      "precision": 0.42857142857142855,
      "recall": 0.3,
      "f1-score": 0.35294117647058826,
      "support": 10.0
    },
    "3": {
      "precision": 0.25,
      "recall": 0.1,
      "f1-score": 0.14285714285714285,
      "support": 10.0
    },
    "4": {
      "precision": 0.14814814814814814,
      "recall": 0.4,
      "f1-score": 0.21621621621621623,
      "support": 10.0
    },
    "accuracy": 0.22,
    "macro avg": {
      "precision": 0.30534391534391536,
      "recall": 0.21858585858585858,
      "f1-score": 0.21686178156766395,
      "support": 50.0
    },
    "weighted avg": {
      "precision": 0.29934391534391536,
      "recall": 0.22,
      "f1-score": 0.21703494174082408,
      "support": 50.0
    }
  }
}