{
  "train_losses": [
    1.7762599749998613,
    1.660291606729681,
    1.6169461878863247,
    1.5711077126589688,
    1.5655668757178567,
    1.5190361629832874,
    1.529545870694247,
    1.5187312906438655,
    1.50502347946167,
    1.5064619779586792,
    1.458118568767201,
    1.469361424446106,
    1.4553827264092185,
    1.4451696981083264,
    1.4381628795103594,
    1.409581953828985,
    1.40456392548301,
    1.395771698518233,
    1.3374372829090466,
    1.2601654963059858,
    1.2310455387288874
  ],
  "val_losses": [
    2.404344081878662,
    2.13858699798584,
    1.7990858554840088,
    1.7583296298980713,
    1.7082523107528687,
    1.6874080896377563,
    1.7220699787139893,
    1.7199760675430298,
    1.7499901056289673,
    1.7865642309188843,
    1.8338302373886108,
    1.7910884618759155,
    1.7574050426483154,
    1.8356916904449463,
    1.8233904838562012,
    1.8819235563278198,
    1.9212356805801392,
    1.8729047775268555,
    1.841745138168335,
    1.896224021911621,
    1.975914716720581
  ],
  "val_accs": [
    0.24,
    0.22,
    0.16,
    0.12,
    0.14,
    0.2,
    0.22,
    0.2,
    0.16,
    0.14,
    0.16,
    0.22,
    0.18,
    0.2,
    0.22,
    0.12,
    0.14,
    0.16,
    0.18,
    0.2,
    0.2
  ],
  "best_val_loss": 1.6874080896377563,
  "best_epoch": 6,
  "n_epochs_run": 21
}