{
  "scaler": {
    "means": [
      0.45672914385795593,
      15.937928199768066,
      691.483642578125,
      20.44062614440918,
      -0.0033873249776661396,
      3.6639513969421387
    ],
    "stds": [
      7.093142986297607,
      12.715500831604004,
      1589.379150390625,
      16.542804718017578,
      0.5361793637275696,
      1.8185056447982788
    ]
  },
  "n_train": 231,
  "n_val": 50,
  "n_test": 50
}