{
  "A": {
    "precision": 0.2740112994350282,
    "recall": 0.27714285714285714,
    "f1-score": 0.2755681818181818,
    "support": 350.0
  },
  "E": {
    "precision": 0.30985915492957744,
    "recall": 0.13968253968253969,
    "f1-score": 0.1925601750547046,
    "support": 315.0
  },
  "I": {
    "precision": 0.31806615776081426,
    "recall": 0.373134328358209,
    "f1-score": 0.3434065934065934,
    "support": 335.0
  },
  "O": {
    "precision": 0.2958963282937365,
    "recall": 0.41515151515151516,
    "f1-score": 0.3455233291298865,
    "support": 330.0
  },
  "U": {
    "precision": 0.32673267326732675,
    "recall": 0.3046153846153846,
    "f1-score": 0.31528662420382164,
    "support": 325.0
  },
  "accuracy": 0.30332326283987915,
  "macro avg": {
    "precision": 0.30491312273729665,
    "recall": 0.3019453249901011,
    "f1-score": 0.2944689807226376,
    "support": 1655.0
  },
  "weighted avg": {
    "precision": 0.30446867589351284,
    "recall": 0.30332326283987915,
    "f1-score": 0.29524917163076064,
    "support": 1655.0
  }
}