{
  "vocales": {
    "n_folds": 24,
    "window_accuracies_mean": [
      0.29135904190543793,
      0.3256871650763693,
      0.35033148166301187,
      0.3617638102750847,
      0.3493650789205765,
      0.3152127370054376
    ],
    "window_accuracies_std": [
      0.022180390849988935,
      0.017982357423716244,
      0.022943928702892004,
      0.018576768792883173,
      0.019238995648235377,
      0.019553126946409382
    ],
    "window_accuracies_min": [
      0.25819265143992054,
      0.28667953667953666,
      0.3162743091095189,
      0.32233009708737864,
      0.31092436974789917,
      0.2858527131782946
    ],
    "window_accuracies_max": [
      0.3445878848063555,
      0.35410484668644904,
      0.4043355325164939,
      0.389,
      0.3897131552917903,
      0.37475149105367794
    ]
  },
  "comandos": {
    "n_folds": 24,
    "window_accuracies_mean": [
      0.2673544043366803,
      0.30440215276388854,
      0.3233386042419786,
      0.3244431044322334,
      0.3175506480074438,
      0.27965717693339237
    ],
    "window_accuracies_std": [
      0.012791982034121204,
      0.014872968350971108,
      0.01674022860526417,
      0.017325583892063737,
      0.019155960223177986,
      0.02003525525269994
    ],
    "window_accuracies_min": [
      0.23854796888504753,
      0.27955133735979293,
      0.28383128295254834,
      0.29509632224168125,
      0.26837606837606837,
      0.24616771866546439
    ],
    "window_accuracies_max": [
      0.29842931937172773,
      0.3409691629955947,
      0.34774933804060015,
      0.3555166374781086,
      0.34952298352124894,
      0.31791421362489486
    ]
  }
}