{
  "Arriba": {
    "precision": 0.3069620253164557,
    "recall": 0.31290322580645163,
    "f1-score": 0.30990415335463256,
    "support": 310.0
  },
  "Abajo": {
    "precision": 0.29694323144104806,
    "recall": 0.22295081967213115,
    "f1-score": 0.2546816479400749,
    "support": 305.0
  },
  "Izquierda": {
    "precision": 0.26720647773279355,
    "recall": 0.22758620689655173,
    "f1-score": 0.24581005586592178,
    "support": 290.0
  },
  "Derecha": {
    "precision": 0.2803030303030303,
    "recall": 0.37,
    "f1-score": 0.31896551724137934,
    "support": 300.0
  },
  "Adelante": {
    "precision": 0.2608695652173913,
    "recall": 0.3103448275862069,
    "f1-score": 0.28346456692913385,
    "support": 290.0
  },
  "Atras": {
    "precision": 0.26587301587301587,
    "recall": 0.23103448275862068,
    "f1-score": 0.24723247232472326,
    "support": 290.0
  },
  "accuracy": 0.2795518207282913,
  "macro avg": {
    "precision": 0.2796928909806225,
    "recall": 0.2791365937866603,
    "f1-score": 0.2766764022759776,
    "support": 1785.0
  },
  "weighted avg": {
    "precision": 0.2801468064914611,
    "recall": 0.2795518207282913,
    "f1-score": 0.2771007859489124,
    "support": 1785.0
  }
}