{
  "Arriba": {
    "precision": 0.2411504424778761,
    "recall": 0.35161290322580646,
    "f1-score": 0.28608923884514437,
    "support": 310.0
  },
  "Abajo": {
    "precision": 0.2723404255319149,
    "recall": 0.2098360655737705,
    "f1-score": 0.23703703703703705,
    "support": 305.0
  },
  "Izquierda": {
    "precision": 0.2727272727272727,
    "recall": 0.16551724137931034,
    "f1-score": 0.20600858369098712,
    "support": 290.0
  },
  "Derecha": {
    "precision": 0.23786407766990292,
    "recall": 0.32666666666666666,
    "f1-score": 0.2752808988764045,
    "support": 300.0
  },
  "Adelante": {
    "precision": 0.23622047244094488,
    "recall": 0.20689655172413793,
    "f1-score": 0.22058823529411764,
    "support": 290.0
  },
  "Atras": {
    "precision": 0.203125,
    "recall": 0.1793103448275862,
    "f1-score": 0.19047619047619047,
    "support": 290.0
  },
  "accuracy": 0.24145658263305322,
  "macro avg": {
    "precision": 0.2439046151413186,
    "recall": 0.23997329556621297,
    "f1-score": 0.2359133640366469,
    "support": 1785.0
  },
  "weighted avg": {
    "precision": 0.24407887190763564,
    "recall": 0.24145658263305322,
    "f1-score": 0.23670554775629585,
    "support": 1785.0
  }
}