{
  "A": {
    "precision": 0.30959752321981426,
    "recall": 0.2857142857142857,
    "f1-score": 0.2971768202080238,
    "support": 350.0
  },
  "E": {
    "precision": 0.2560240963855422,
    "recall": 0.2698412698412698,
    "f1-score": 0.26275115919629055,
    "support": 315.0
  },
  "I": {
    "precision": 0.29603729603729606,
    "recall": 0.37910447761194027,
    "f1-score": 0.3324607329842932,
    "support": 335.0
  },
  "O": {
    "precision": 0.33088235294117646,
    "recall": 0.2727272727272727,
    "f1-score": 0.29900332225913623,
    "support": 330.0
  },
  "U": {
    "precision": 0.2909698996655518,
    "recall": 0.2676923076923077,
    "f1-score": 0.27884615384615385,
    "support": 325.0
  },
  "accuracy": 0.29546827794561936,
  "macro avg": {
    "precision": 0.2967022336498762,
    "recall": 0.2950159227174153,
    "f1-score": 0.2940476376987795,
    "support": 1655.0
  },
  "weighted avg": {
    "precision": 0.29724206134306197,
    "recall": 0.29546827794561936,
    "f1-score": 0.2945310840573372,
    "support": 1655.0
  }
}