{
  "train_losses": [
    1.9497136294123638,
    1.8876271664378155,
    1.7874902558613972,
    1.8313247453735535,
    1.7955909938697356,
    1.794052108224616,
    1.7727502914796394,
    1.742765061826591,
    1.7398198211049458,
    1.7118745568286942,
    1.7506252096359989,
    1.721643144825855,
    1.7173339229032218,
    1.6913575465420643,
    1.7004769063857665,
    1.6003986439072941,
    1.6150704220116856,
    1.6146834356239044,
    1.5865023222314305,
    1.5977520626711559,
    1.6214543868260212,
    1.5771743935274791,
    1.540377140045166
  ],
  "val_losses": [
    2.36930513381958,
    1.8636807203292847,
    2.0250349044799805,
    1.943839192390442,
    1.8637428283691406,
    1.7886635065078735,
    1.7760199308395386,
    1.7731964588165283,
    1.786937952041626,
    1.7944350242614746,
    1.808679223060608,
    1.8115112781524658,
    1.8019448518753052,
    1.8208732604980469,
    1.8446366786956787,
    1.8453446626663208,
    1.817225694656372,
    1.838400959968567,
    1.9985769987106323,
    1.9913862943649292,
    1.8766709566116333,
    1.8544304370880127,
    1.9106007814407349
  ],
  "val_accs": [
    0.16666666666666666,
    0.18518518518518517,
    0.14814814814814814,
    0.07407407407407407,
    0.07407407407407407,
    0.2037037037037037,
    0.24074074074074073,
    0.2222222222222222,
    0.14814814814814814,
    0.16666666666666666,
    0.18518518518518517,
    0.18518518518518517,
    0.16666666666666666,
    0.18518518518518517,
    0.18518518518518517,
    0.16666666666666666,
    0.12962962962962962,
    0.16666666666666666,
    0.2037037037037037,
    0.16666666666666666,
    0.16666666666666666,
    0.16666666666666666,
    0.16666666666666666
  ],
  "best_val_loss": 1.7731964588165283,
  "best_epoch": 8,
  "n_epochs_run": 23
}